<mods xmlns="http://www.loc.gov/mods/v3" xmlns:xsi="http://www.w3.org/2001/XMLSchema-instance" xmlns:xlink="http://www.w3.org/1999/xlink" version="3.6" xsi:schemaLocation="http://www.loc.gov/mods/v3 http://cluster-schemas.uni-hd.de/modsCluster.xsd" ID="uuid-0BAC6A49-792C-4189-A8E0-FA640F1B14CE"><name type="personal" xlink:href=""><namePart lang="chi" script="Hant">江口襄譯</namePart><role><roleTerm type="text">author</roleTerm></role></name><titleInfo lang="chi" script="Hant"><title>精神病學</title></titleInfo><note type="citation">日本書目志,卷一,生理門,精神病學,p 614</note><note type="price">一圓</note><identifier type="mh">book_1220</identifier></mods>