<mods xmlns="http://www.loc.gov/mods/v3" xmlns:xsi="http://www.w3.org/2001/XMLSchema-instance" xmlns:xlink="http://www.w3.org/1999/xlink" version="3.6" xsi:schemaLocation="http://www.loc.gov/mods/v3 http://cluster-schemas.uni-hd.de/modsCluster.xsd" ID="uuid-073791D3-E3FF-4987-BC10-2042870BD4E8"><name type="personal" xlink:href=""><namePart lang="chi" script="Hant">佐藤勤也編纂</namePart><role><roleTerm type="text">author</roleTerm></role></name><titleInfo lang="chi" script="Hant"><title>實用婦人科學</title></titleInfo><note type="citation">日本書目志,卷一,生理門,婦人科學,p 613</note><note type="price">一圓二角</note><identifier type="mh">book_1205</identifier></mods>