<mods xmlns="http://www.loc.gov/mods/v3" xmlns:xsi="http://www.w3.org/2001/XMLSchema-instance" xmlns:xlink="http://www.w3.org/1999/xlink" version="3.6" xsi:schemaLocation="http://www.loc.gov/mods/v3 http://cluster-schemas.uni-hd.de/modsCluster.xsd" ID="uuid-0E56D5EA-EFCA-4340-9988-14DE13BA40F3"><name type="personal" xlink:href=""><namePart lang="chi" script="Hant">有賀長雄著</namePart><role><roleTerm type="text">author</roleTerm></role></name><titleInfo lang="chi" script="Hant"><title> 通信教授 教授法</title></titleInfo><note type="citation">日本書目志,卷十,教育門,實地教育,p 931</note><note type="price">一圓</note><identifier type="mh">book_4735</identifier></mods>