<mods xmlns="http://www.loc.gov/mods/v3" xmlns:xsi="http://www.w3.org/2001/XMLSchema-instance" xmlns:xlink="http://www.w3.org/1999/xlink" version="3.6" xsi:schemaLocation="http://www.loc.gov/mods/v3 http://cluster-schemas.uni-hd.de/modsCluster.xsd" ID="uuid-0CC33C15-F68E-4065-946C-723DC35516AF"><name type="personal" xlink:href=""><namePart lang="chi" script="Hant">金蘭社編</namePart><role><roleTerm type="text">author</roleTerm></role></name><titleInfo lang="chi" script="Hant"><title>佛蘭西三人男</title></titleInfo><note type="citation">日本書目志,卷十四,小說門,小說,p 1175</note><note type="price">五角</note><identifier type="mh">book_8059</identifier></mods>