<mods xmlns="http://www.loc.gov/mods/v3" xmlns:xsi="http://www.w3.org/2001/XMLSchema-instance" xmlns:xlink="http://www.w3.org/1999/xlink" version="3.6" xsi:schemaLocation="http://www.loc.gov/mods/v3 http://cluster-schemas.uni-hd.de/modsCluster.xsd" ID="uuid-02B43F95-C26A-4C19-85BA-AEFF41073569"><titleInfo lang="chi" script="Hant"><title>梅園奇賞</title></titleInfo><note type="citation">日本書目志,卷四,圖史門,本邦歷史考證,p 727</note><note type="price">一圓五角</note><identifier type="mh">book_2553</identifier></mods>