<mods xmlns="http://www.loc.gov/mods/v3" xmlns:xsi="http://www.w3.org/2001/XMLSchema-instance" xmlns:xlink="http://www.w3.org/1999/xlink" version="3.6" xsi:schemaLocation="http://www.loc.gov/mods/v3 http://cluster-schemas.uni-hd.de/modsCluster.xsd" ID="uuid-09ECBD5D-5BC5-4D94-B9BC-C5ABD8DF06A9"><titleInfo lang="chi" script="Hant"><title>和泉式部日記 《日本文學全書》第五編之內 </title></titleInfo><note type="citation">日本書目志,卷十二,文字語言門,和文學,p 1029</note><note type="price">二角五分</note><identifier type="mh">book_6012</identifier></mods>