<mods xmlns="http://www.loc.gov/mods/v3" xmlns:xsi="http://www.w3.org/2001/XMLSchema-instance" xmlns:xlink="http://www.w3.org/1999/xlink" version="3.6" xsi:schemaLocation="http://www.loc.gov/mods/v3 http://cluster-schemas.uni-hd.de/modsCluster.xsd" ID="uuid-0D1F3E7B-7F77-4891-80FE-551EEE60DC1E"><name type="personal" xlink:href=""><namePart lang="chi" script="Hant">桑君君仲著</namePart><role><roleTerm type="text">author</roleTerm></role></name><titleInfo lang="chi" script="Hant"><title>將棊極妙 詰手 </title></titleInfo><note type="citation">日本書目志,卷十三,美術門,將棊書,p 1132</note><note type="price">一角五分</note><identifier type="mh">book_7451</identifier></mods>