<mods xmlns="http://www.loc.gov/mods/v3" xmlns:xsi="http://www.w3.org/2001/XMLSchema-instance" xmlns:xlink="http://www.w3.org/1999/xlink" version="3.6" xsi:schemaLocation="http://www.loc.gov/mods/v3 http://cluster-schemas.uni-hd.de/modsCluster.xsd" ID="uuid-07123B04-BE48-465D-95A4-15AAA3B91679"><name type="personal" xlink:href=""><namePart lang="chi" script="Hant">長濱兼吉著</namePart><role><roleTerm type="text">author</roleTerm></role></name><titleInfo lang="chi" script="Hant"><title>新體萬國小地理學</title></titleInfo><note type="citation">日本書目志,卷四,圖史門,萬國地理,p 674</note><note type="price">二角</note><identifier type="mh">book_1834</identifier></mods>