<mods xmlns="http://www.loc.gov/mods/v3" xmlns:xsi="http://www.w3.org/2001/XMLSchema-instance" xmlns:xlink="http://www.w3.org/1999/xlink" version="3.6" xsi:schemaLocation="http://www.loc.gov/mods/v3 http://cluster-schemas.uni-hd.de/modsCluster.xsd" ID="uuid-0E0A3678-D25B-4EF8-A8B6-B27C7F67680F"><name type="personal" xlink:href=""><namePart lang="chi" script="Hant">勸農局、商務局藏版</namePart><role><roleTerm type="text">author</roleTerm></role></name><titleInfo lang="chi" script="Hant"><title>明治十二年共進會報告茶事集談</title></titleInfo><note type="citation">日本書目志,卷十,教育門,報告書,p 941</note><note type="price">三角七分五釐</note><identifier type="mh">book_4838</identifier></mods>