<mods xmlns="http://www.loc.gov/mods/v3" xmlns:xsi="http://www.w3.org/2001/XMLSchema-instance" xmlns:xlink="http://www.w3.org/1999/xlink" version="3.6" xsi:schemaLocation="http://www.loc.gov/mods/v3 http://cluster-schemas.uni-hd.de/modsCluster.xsd" ID="uuid-09C6D452-2312-4DE8-8999-C484778DF82C"><name type="personal" xlink:href=""><namePart lang="chi" script="Hant">大和田健樹著述</namePart><role><roleTerm type="text">author</roleTerm></role></name><titleInfo lang="chi" script="Hant"><title>通俗文學全書</title></titleInfo><note type="citation">日本書目志,卷十一,文學門,文學,p 964</note><note type="price">一角五分</note><identifier type="mh">book_5119</identifier></mods>