<mods xmlns="http://www.loc.gov/mods/v3" xmlns:xsi="http://www.w3.org/2001/XMLSchema-instance" xmlns:xlink="http://www.w3.org/1999/xlink" version="3.6" xsi:schemaLocation="http://www.loc.gov/mods/v3 http://cluster-schemas.uni-hd.de/modsCluster.xsd" ID="uuid-04CD1ABC-D68D-4238-8D72-ED1A245DE8E9"><name type="personal" xlink:href=""><namePart lang="chi" script="Hant">塙保已一著</namePart><role><roleTerm type="text">author</roleTerm></role></name><titleInfo lang="chi" script="Hant"><title>雞林拾葉 《我自刊我叢書》 </title></titleInfo><note type="citation">日本書目志,卷十四,小說門,小說,p 1209</note><note type="price">八角五分</note><identifier type="mh">book_8572</identifier></mods>