<mods xmlns="http://www.loc.gov/mods/v3" xmlns:xsi="http://www.w3.org/2001/XMLSchema-instance" xmlns:xlink="http://www.w3.org/1999/xlink" version="3.6" xsi:schemaLocation="http://www.loc.gov/mods/v3 http://cluster-schemas.uni-hd.de/modsCluster.xsd" ID="uuid-0A7F1FD8-14AC-4200-B3EF-6B7C4EABF042"><name type="personal" xlink:href=""><namePart lang="chi" script="Hant">久保田梁山著</namePart><role><roleTerm type="text">author</roleTerm></role></name><titleInfo lang="chi" script="Hant"><title>增補記事論說五百題</title></titleInfo><note type="citation">日本書目志,卷十二,文字語言門,記事文,p 1044</note><note type="price">一角八分</note><identifier type="mh">book_6245</identifier></mods>