<mods xmlns="http://www.loc.gov/mods/v3" xmlns:xsi="http://www.w3.org/2001/XMLSchema-instance" xmlns:xlink="http://www.w3.org/1999/xlink" version="3.6" xsi:schemaLocation="http://www.loc.gov/mods/v3 http://cluster-schemas.uni-hd.de/modsCluster.xsd" ID="uuid-049AFD63-5C05-4FBF-9203-D628DFAE6447"><name type="personal" xlink:href=""><namePart lang="chi" script="Hant">文部省藏板</namePart><role><roleTerm type="text">author</roleTerm></role></name><titleInfo lang="chi" script="Hant"><title> 《百科全書》 地文學</title></titleInfo><note type="citation">日本書目志,卷四,圖史門,地文學,p 681</note><note type="price">一角六分五釐</note><identifier type="mh">book_1933</identifier></mods>