<mods xmlns="http://www.loc.gov/mods/v3" xmlns:xsi="http://www.w3.org/2001/XMLSchema-instance" xmlns:xlink="http://www.w3.org/1999/xlink" version="3.6" xsi:schemaLocation="http://www.loc.gov/mods/v3 http://cluster-schemas.uni-hd.de/modsCluster.xsd" ID="uuid-0AB477B5-2D2C-421F-A2A8-DC7625FE84CE"><name type="personal" xlink:href=""><namePart lang="chi" script="Hant">佐藤誠實</namePart><role><roleTerm type="text">author</roleTerm></role></name><titleInfo lang="chi" script="Hant"><title>日本教育史</title></titleInfo><note type="citation">日本書目志,卷四,圖史門,日本史,p 710</note><note type="price">一圓二角五分</note><identifier type="mh">book_2329</identifier></mods>