<mods xmlns="http://www.loc.gov/mods/v3" xmlns:xsi="http://www.w3.org/2001/XMLSchema-instance" xmlns:xlink="http://www.w3.org/1999/xlink" version="3.6" xsi:schemaLocation="http://www.loc.gov/mods/v3 http://cluster-schemas.uni-hd.de/modsCluster.xsd" ID="uuid-0E63CEE4-A110-445F-9F11-D978A5958342"><name type="personal" xlink:href=""><namePart lang="chi" script="Hant">皤溪仙史著</namePart><role><roleTerm type="text">author</roleTerm></role></name><titleInfo lang="chi" script="Hant"><title>戀情</title></titleInfo><note type="citation">日本書目志,卷十四,小說門,小說,p 1176</note><note type="price">一角五分</note><identifier type="mh">book_8076</identifier></mods>