<mods xmlns="http://www.loc.gov/mods/v3" xmlns:xsi="http://www.w3.org/2001/XMLSchema-instance" xmlns:xlink="http://www.w3.org/1999/xlink" version="3.6" xsi:schemaLocation="http://www.loc.gov/mods/v3 http://cluster-schemas.uni-hd.de/modsCluster.xsd" ID="uuid-0202512E-88FD-44B6-BDC7-F6C5ED38BD66"><name type="personal" xlink:href=""><namePart lang="chi" script="Hant">小村泰堂述</namePart><role><roleTerm type="text">author</roleTerm></role></name><titleInfo lang="chi" script="Hant"><title>日蓮大師真實傳</title></titleInfo><note type="citation">日本書目志,卷四,圖史門,傳記,p 718</note><note type="price">五分</note><identifier type="mh">book_2429</identifier></mods>