<mods xmlns="http://www.loc.gov/mods/v3" xmlns:xsi="http://www.w3.org/2001/XMLSchema-instance" xmlns:xlink="http://www.w3.org/1999/xlink" version="3.6" xsi:schemaLocation="http://www.loc.gov/mods/v3 http://cluster-schemas.uni-hd.de/modsCluster.xsd" ID="uuid-0090D1FA-0159-449E-AF84-D85C025A7C76"><name type="personal" xlink:href=""><namePart lang="chi" script="Hant">森田思軒著</namePart><role><roleTerm type="text">author</roleTerm></role></name><titleInfo lang="chi" script="Hant"><title>大叛魁</title></titleInfo><note type="citation">日本書目志,卷十四,小說門,小說,p 1161</note><note type="price">二角</note><identifier type="mh">book_7861</identifier></mods>