<mods xmlns="http://www.loc.gov/mods/v3" xmlns:xsi="http://www.w3.org/2001/XMLSchema-instance" xmlns:xlink="http://www.w3.org/1999/xlink" version="3.6" xsi:schemaLocation="http://www.loc.gov/mods/v3 http://cluster-schemas.uni-hd.de/modsCluster.xsd" ID="uuid-0CC61C40-6B38-4C52-9E74-6B52D4EB0E94"><name type="personal" xlink:href=""><namePart lang="chi" script="Hant">兒島文茂編輯</namePart><role><roleTerm type="text">author</roleTerm></role></name><titleInfo lang="chi" script="Hant"><title>生理及衛生</title></titleInfo><note type="citation">日本書目志,卷一,生理門,生理學通俗,p 593</note><note type="price">一角二分</note><identifier type="mh">book_971</identifier></mods>