<mods xmlns="http://www.loc.gov/mods/v3" xmlns:xsi="http://www.w3.org/2001/XMLSchema-instance" xmlns:xlink="http://www.w3.org/1999/xlink" version="3.6" xsi:schemaLocation="http://www.loc.gov/mods/v3 http://cluster-schemas.uni-hd.de/modsCluster.xsd" ID="uuid-019AADF4-F703-4E1D-BBB6-DC899BC63915"><name type="personal" xlink:href=""><namePart lang="chi" script="Hant">陸軍文庫</namePart><role><roleTerm type="text">author</roleTerm></role></name><titleInfo lang="chi" script="Hant"><title>兵基教範</title></titleInfo><note type="citation">日本書目志,卷十五,兵書門,兵書,p 1218</note><note type="price">一角五分</note><identifier type="mh">book_8651</identifier></mods>