<mods xmlns="http://www.loc.gov/mods/v3" xmlns:xsi="http://www.w3.org/2001/XMLSchema-instance" xmlns:xlink="http://www.w3.org/1999/xlink" version="3.6" xsi:schemaLocation="http://www.loc.gov/mods/v3 http://cluster-schemas.uni-hd.de/modsCluster.xsd" ID="uuid-09A7E3E5-14FA-446F-8E42-94A2D44A78E2"><titleInfo lang="chi" script="Hant"><title>本朝細馬集 《温知叢書》第九編之內 </title></titleInfo><note type="citation">日本書目志,卷十五,兵書門,馬政書,p 1215</note><note type="price">二角五分</note><identifier type="mh">book_8631</identifier></mods>