<mods xmlns="http://www.loc.gov/mods/v3" xmlns:xsi="http://www.w3.org/2001/XMLSchema-instance" xmlns:xlink="http://www.w3.org/1999/xlink" version="3.6" xsi:schemaLocation="http://www.loc.gov/mods/v3 http://cluster-schemas.uni-hd.de/modsCluster.xsd" ID="uuid-08782962-8859-44A0-9DF7-48FFAAC1F6DA"><name type="personal" xlink:href=""><namePart lang="chi" script="Hant">金子春夢著</namePart><role><roleTerm type="text">author</roleTerm></role></name><titleInfo lang="chi" script="Hant"><title>今深雪 《文學世界》第九 </title></titleInfo><note type="citation">日本書目志,卷十四,小說門,小說,p 1143</note><note type="price">八分</note><identifier type="mh">book_7590</identifier></mods>