<mods xmlns="http://www.loc.gov/mods/v3" xmlns:xsi="http://www.w3.org/2001/XMLSchema-instance" xmlns:xlink="http://www.w3.org/1999/xlink" version="3.6" xsi:schemaLocation="http://www.loc.gov/mods/v3 http://cluster-schemas.uni-hd.de/modsCluster.xsd" ID="uuid-002755E7-4A19-47ED-8A72-65E8BF4B97D9"><name type="personal" xlink:href=""><namePart lang="chi" script="Hant">岡三慶著</namePart><role><roleTerm type="text">author</roleTerm></role></name><titleInfo lang="chi" script="Hant"><title>作文用字明辨</title></titleInfo><note type="citation">日本書目志,卷十二,文字語言門,作文書,p 1038</note><note type="price">三角五分</note><identifier type="mh">book_6155</identifier></mods>