<mods xmlns="http://www.loc.gov/mods/v3" xmlns:xsi="http://www.w3.org/2001/XMLSchema-instance" xmlns:xlink="http://www.w3.org/1999/xlink" version="3.6" xsi:schemaLocation="http://www.loc.gov/mods/v3 http://cluster-schemas.uni-hd.de/modsCluster.xsd" ID="uuid-0AC8CDA5-A611-4536-9E21-879464AE0F21"><titleInfo lang="chi" script="Hant"><title>唐物語 《日本文學全書》第六編之內 </title></titleInfo><note type="citation">日本書目志,卷十二,文字語言門,和文學,p 1031</note><note type="price">二角五分</note><identifier type="mh">book_6045</identifier></mods>