<mods xmlns="http://www.loc.gov/mods/v3" xmlns:xsi="http://www.w3.org/2001/XMLSchema-instance" xmlns:xlink="http://www.w3.org/1999/xlink" version="3.6" xsi:schemaLocation="http://www.loc.gov/mods/v3 http://cluster-schemas.uni-hd.de/modsCluster.xsd" ID="uuid-0A243B96-5A82-4268-B502-1295BBBACBFD"><name type="personal" xlink:href=""><namePart lang="chi" script="Hant">土田淡堂戲筆</namePart><role><roleTerm type="text">author</roleTerm></role></name><titleInfo lang="chi" script="Hant"><title>正變狂詩選</title></titleInfo><note type="citation">日本書目志,卷十一,文學門,戲文集,p 992</note><note type="price">三分</note><identifier type="mh">book_5518</identifier></mods>