<mods xmlns="http://www.loc.gov/mods/v3" xmlns:xsi="http://www.w3.org/2001/XMLSchema-instance" xmlns:xlink="http://www.w3.org/1999/xlink" version="3.6" xsi:schemaLocation="http://www.loc.gov/mods/v3 http://cluster-schemas.uni-hd.de/modsCluster.xsd" ID="uuid-0BC194FB-44FA-413C-94CC-584CF433E97A"><name type="personal" xlink:href=""><namePart lang="chi" script="Hant">和田義雄譯</namePart><role><roleTerm type="text">author</roleTerm></role></name><titleInfo lang="chi" script="Hant"><title>栽桑新說</title></titleInfo><note type="citation">日本書目志,卷七,農業門,蠶桑書,p 857</note><note type="price">三角四分</note><identifier type="mh">book_3959</identifier></mods>