<mods xmlns="http://www.loc.gov/mods/v3" xmlns:xsi="http://www.w3.org/2001/XMLSchema-instance" xmlns:xlink="http://www.w3.org/1999/xlink" version="3.6" xsi:schemaLocation="http://www.loc.gov/mods/v3 http://cluster-schemas.uni-hd.de/modsCluster.xsd" ID="uuid-0D04B8DF-16B8-4FC1-A558-D35C547A79AB"><name type="personal" xlink:href=""><namePart lang="chi" script="Hant">鳥羽信時編</namePart><role><roleTerm type="text">author</roleTerm></role></name><titleInfo lang="chi" script="Hant"><title>實二重寶</title></titleInfo><note type="citation">日本書目志,卷六,法律門,法規雜書,p 811</note><note type="price">三分</note><identifier type="mh">book_3570</identifier></mods>