<mods xmlns="http://www.loc.gov/mods/v3" xmlns:xsi="http://www.w3.org/2001/XMLSchema-instance" xmlns:xlink="http://www.w3.org/1999/xlink" version="3.6" xsi:schemaLocation="http://www.loc.gov/mods/v3 http://cluster-schemas.uni-hd.de/modsCluster.xsd" ID="uuid-053EF15B-536E-4DD9-AF01-9305623475BB"><name type="personal" xlink:href=""><namePart lang="chi" script="Hant">飯高芳康譯</namePart><role><roleTerm type="text">author</roleTerm></role></name><titleInfo lang="chi" script="Hant"><title>胃病診療新論</title></titleInfo><note type="citation">日本書目志,卷一,生理門,治療書,p 607</note><note type="price">二角五分</note><identifier type="mh">book_1120</identifier></mods>