<mods xmlns="http://www.loc.gov/mods/v3" xmlns:xsi="http://www.w3.org/2001/XMLSchema-instance" xmlns:xlink="http://www.w3.org/1999/xlink" version="3.6" xsi:schemaLocation="http://www.loc.gov/mods/v3 http://cluster-schemas.uni-hd.de/modsCluster.xsd" ID="uuid-09B0BE55-04C0-4BFB-84FF-7C024F122AA7"><name type="personal" xlink:href=""><namePart lang="chi" script="Hant">坪谷善四郎著</namePart><role><roleTerm type="text">author</roleTerm></role></name><titleInfo lang="chi" script="Hant"><title>通俗政治演說</title></titleInfo><note type="citation">日本書目志,卷五,政治門,政治雜書,p 750</note><note type="price">一角五分</note><identifier type="mh">book_2801</identifier></mods>