<mods xmlns="http://www.loc.gov/mods/v3" xmlns:xsi="http://www.w3.org/2001/XMLSchema-instance" xmlns:xlink="http://www.w3.org/1999/xlink" version="3.6" xsi:schemaLocation="http://www.loc.gov/mods/v3 http://cluster-schemas.uni-hd.de/modsCluster.xsd" ID="uuid-0DF26FDC-AF12-40C2-A055-53558927C6D1"><titleInfo lang="chi" script="Hant"><title>八省沿海輿圖</title></titleInfo><note type="citation">增版東西學書錄,卷三,地學第二十,地志學,p 230</note><abstract type="summary"> 八省沿海輿圖七十九幅 天津局石印本   [日本]陸軍測量部繪，是圖本東方沿海俱全，今刻祗直隸、奉天、山東、江蘇、浙江、 福建、臺灣、廣東八省，然其圖最精密。 </abstract><identifier type="mh">book_691</identifier></mods>