<mods xmlns="http://www.loc.gov/mods/v3" xmlns:xsi="http://www.w3.org/2001/XMLSchema-instance" xmlns:xlink="http://www.w3.org/1999/xlink" version="3.6" xsi:schemaLocation="http://www.loc.gov/mods/v3 http://cluster-schemas.uni-hd.de/modsCluster.xsd" ID="uuid-0E7CC2C1-9A4D-4149-8C69-961C582B8BD8"><name type="personal" xlink:href=""><namePart lang="chi" script="Hant">中原貞七譯</namePart><role><roleTerm type="text">author</roleTerm></role></name><titleInfo lang="chi" script="Hant"><title>豪雄少年</title></titleInfo><note type="citation">日本書目志,卷四,圖史門,傳記,p 722</note><note type="price">六角五分</note><identifier type="mh">book_2487</identifier></mods>