<mods xmlns="http://www.loc.gov/mods/v3" xmlns:xsi="http://www.w3.org/2001/XMLSchema-instance" xmlns:xlink="http://www.w3.org/1999/xlink" version="3.6" xsi:schemaLocation="http://www.loc.gov/mods/v3 http://cluster-schemas.uni-hd.de/modsCluster.xsd" ID="uuid-035FBD07-8E5C-4B58-916E-016F5EEB46E9"><name type="personal" xlink:href=""><namePart lang="chi" script="Hant">石井二正著</namePart><role><roleTerm type="text">author</roleTerm></role></name><titleInfo lang="chi" script="Hant"><title> 實記獨習 商業簿記學</title></titleInfo><note type="citation">日本書目志,卷九,商業門,簿記書,p 900</note><note type="price">二角</note><identifier type="mh">book_4353</identifier></mods>