<mods xmlns="http://www.loc.gov/mods/v3" xmlns:xsi="http://www.w3.org/2001/XMLSchema-instance" xmlns:xlink="http://www.w3.org/1999/xlink" version="3.6" xsi:schemaLocation="http://www.loc.gov/mods/v3 http://cluster-schemas.uni-hd.de/modsCluster.xsd" ID="uuid-035D0505-4BF5-4AA4-A4A0-BFB3639B92CA"><titleInfo lang="chi" script="Hant"><title>輶軒小錄 百家說林卷四 </title></titleInfo><note type="citation">日本書目志,卷十四,小說門,小說,p 1211</note><note type="price">四角</note><identifier type="mh">book_8600</identifier></mods>