<mods xmlns="http://www.loc.gov/mods/v3" xmlns:xsi="http://www.w3.org/2001/XMLSchema-instance" xmlns:xlink="http://www.w3.org/1999/xlink" version="3.6" xsi:schemaLocation="http://www.loc.gov/mods/v3 http://cluster-schemas.uni-hd.de/modsCluster.xsd" ID="uuid-05127089-5431-4E56-8540-67D7928461BC"><name type="personal" xlink:href=""><namePart lang="chi" script="Hant">高山紀齋述</namePart><role><roleTerm type="text">author</roleTerm></role></name><titleInfo lang="chi" script="Hant"><title> 通俗 齒之養生法</title></titleInfo><note type="citation">日本書目志,卷一,生理門,齒科學,p 611</note><note type="price">五分</note><identifier type="mh">book_1186</identifier></mods>