<mods xmlns="http://www.loc.gov/mods/v3" xmlns:xsi="http://www.w3.org/2001/XMLSchema-instance" xmlns:xlink="http://www.w3.org/1999/xlink" version="3.6" xsi:schemaLocation="http://www.loc.gov/mods/v3 http://cluster-schemas.uni-hd.de/modsCluster.xsd" ID="uuid-0C9F01C9-8CCF-40CD-B7F4-947AE12C0A9F"><name type="personal" xlink:href=""><namePart lang="chi" script="Hant">博文館編輯局製</namePart><role><roleTerm type="text">author</roleTerm></role></name><titleInfo lang="chi" script="Hant"><title>萬國地圖</title></titleInfo><note type="citation">日本書目志,卷四,圖史門,地圖小學校用,p 686</note><note type="price">二角五分</note><identifier type="mh">book_2000</identifier></mods>