<mods xmlns="http://www.loc.gov/mods/v3" xmlns:xsi="http://www.w3.org/2001/XMLSchema-instance" xmlns:xlink="http://www.w3.org/1999/xlink" version="3.6" xsi:schemaLocation="http://www.loc.gov/mods/v3 http://cluster-schemas.uni-hd.de/modsCluster.xsd" ID="uuid-07CC490A-4861-4913-A3EF-789626A040BD"><name type="personal" xlink:href=""><namePart lang="chi" script="Hant">曲亭馬琴著</namePart><role><roleTerm type="text">author</roleTerm></role></name><titleInfo lang="chi" script="Hant"><title>俳諧歲時記栞章</title></titleInfo><note type="citation">日本書目志,卷十一,文學門,俳書及俳諧集,p 986</note><note type="price">三角</note><identifier type="mh">book_5433</identifier></mods>