<mods xmlns="http://www.loc.gov/mods/v3" xmlns:xsi="http://www.w3.org/2001/XMLSchema-instance" xmlns:xlink="http://www.w3.org/1999/xlink" version="3.6" xsi:schemaLocation="http://www.loc.gov/mods/v3 http://cluster-schemas.uni-hd.de/modsCluster.xsd" ID="uuid-031C73B3-1523-499C-832D-98B5153A4C34"><name type="personal" xlink:href=""><namePart lang="chi" script="Hant">佐木忠次郎著</namePart><role><roleTerm type="text">author</roleTerm></role></name><titleInfo lang="chi" script="Hant"><title>蠶之蛆</title></titleInfo><note type="citation">日本書目志,卷七,農業門,蠶桑書,p 855</note><note type="price">一角五分</note><identifier type="mh">book_3925</identifier></mods>