<mods xmlns="http://www.loc.gov/mods/v3" xmlns:xsi="http://www.w3.org/2001/XMLSchema-instance" xmlns:xlink="http://www.w3.org/1999/xlink" version="3.6" xsi:schemaLocation="http://www.loc.gov/mods/v3 http://cluster-schemas.uni-hd.de/modsCluster.xsd" ID="uuid-0BAAF71B-B6E1-4CC1-94DE-877C8CB2F7BA"><name type="personal" xlink:href=""><namePart lang="chi" script="Hant">鏑木溪庵著</namePart><role><roleTerm type="text">author</roleTerm></role></name><titleInfo lang="chi" script="Hant"><title>清風雅譜</title></titleInfo><note type="citation">日本書目志,卷十三,美術門,音曲,p 1119</note><note type="price">一角</note><identifier type="mh">book_7289</identifier></mods>