<mods xmlns="http://www.loc.gov/mods/v3" xmlns:xsi="http://www.w3.org/2001/XMLSchema-instance" xmlns:xlink="http://www.w3.org/1999/xlink" version="3.6" xsi:schemaLocation="http://www.loc.gov/mods/v3 http://cluster-schemas.uni-hd.de/modsCluster.xsd" ID="uuid-05B09ED8-F2E4-4B4E-8FE7-D2B2B411621C"><titleInfo lang="chi" script="Hant"><title>王泉畫譜 帙入 </title></titleInfo><note type="citation">日本書目志,卷十三,美術門,繪畫書,p 1096</note><note type="price">一圓</note><identifier type="mh">book_6946</identifier></mods>