<mods xmlns="http://www.loc.gov/mods/v3" xmlns:xsi="http://www.w3.org/2001/XMLSchema-instance" xmlns:xlink="http://www.w3.org/1999/xlink" version="3.6" xsi:schemaLocation="http://www.loc.gov/mods/v3 http://cluster-schemas.uni-hd.de/modsCluster.xsd" ID="uuid-0C570B58-D656-4DB7-B5A3-5786CBAED43E"><name type="personal" xlink:href=""><namePart lang="chi" script="Hant">文部省編輯局</namePart><role><roleTerm type="text">author</roleTerm></role></name><titleInfo lang="chi" script="Hant"><title>高等小學讀本 小學校用 </title></titleInfo><note type="citation">日本書目志,卷十,教育門,小學讀本,p 949</note><note type="price">一圓七角五分</note><identifier type="mh">book_4947</identifier></mods>