<mods xmlns="http://www.loc.gov/mods/v3" xmlns:xsi="http://www.w3.org/2001/XMLSchema-instance" xmlns:xlink="http://www.w3.org/1999/xlink" version="3.6" xsi:schemaLocation="http://www.loc.gov/mods/v3 http://cluster-schemas.uni-hd.de/modsCluster.xsd" ID="uuid-07EE49B4-AFB4-426C-B7A8-7E536CF3DF33"><titleInfo lang="chi" script="Hant"><title>熱學須知</title></titleInfo><note type="citation">增版東西學書錄,卷三,氣學第十八,熱學,p 213</note><abstract type="summary"> 熱學須知一卷 格致須知三集本一冊   [英]傅蘭雅著，但言熱性、熱度、熱理之大要，與熱學圖說相同，若蒸力、火力乃詳 於氣學，此不具。 </abstract><identifier type="mh">book_624</identifier></mods>