<mods xmlns="http://www.loc.gov/mods/v3" xmlns:xsi="http://www.w3.org/2001/XMLSchema-instance" xmlns:xlink="http://www.w3.org/1999/xlink" version="3.6" xsi:schemaLocation="http://www.loc.gov/mods/v3 http://cluster-schemas.uni-hd.de/modsCluster.xsd" ID="uuid-0CBFA9DF-A9FF-4916-959E-711B2A877627"><name type="personal" xlink:href=""><namePart lang="chi" script="Hant">森昌作、津田秀林編輯</namePart><role><roleTerm type="text">author</roleTerm></role></name><titleInfo lang="chi" script="Hant"><title> 松榮堂版 二書合本</title></titleInfo><note type="citation">日本書目志,卷十二,文字語言門,辭書,p 1065</note><note type="price">一圓</note><identifier type="mh">book_6536</identifier></mods>