<mods xmlns="http://www.loc.gov/mods/v3" xmlns:xsi="http://www.w3.org/2001/XMLSchema-instance" xmlns:xlink="http://www.w3.org/1999/xlink" version="3.6" xsi:schemaLocation="http://www.loc.gov/mods/v3 http://cluster-schemas.uni-hd.de/modsCluster.xsd" ID="uuid-0E826CAB-1A34-469E-8339-198C3E9E94E1"><name type="personal" xlink:href=""><namePart lang="chi" script="Hant">竹之舍主人著</namePart><role><roleTerm type="text">author</roleTerm></role></name><titleInfo lang="chi" script="Hant"><title>雪達摩 《聚芳十種》第十 </title></titleInfo><note type="citation">日本書目志,卷十四,小說門,小說,p 1188</note><note type="price">一角三分</note><identifier type="mh">book_8258</identifier></mods>