<mods xmlns="http://www.loc.gov/mods/v3" xmlns:xsi="http://www.w3.org/2001/XMLSchema-instance" xmlns:xlink="http://www.w3.org/1999/xlink" version="3.6" xsi:schemaLocation="http://www.loc.gov/mods/v3 http://cluster-schemas.uni-hd.de/modsCluster.xsd" ID="uuid-0BEC7678-9F1C-49AC-AAB6-C678CE5D6955"><titleInfo lang="chi" script="Hant"><title>腐敗酒直法</title></titleInfo><note type="citation">日本書目志,卷八,工業門,釀造書,p 883</note><note type="price">三角</note><identifier type="mh">book_4189</identifier></mods>