<mods xmlns="http://www.loc.gov/mods/v3" xmlns:xsi="http://www.w3.org/2001/XMLSchema-instance" xmlns:xlink="http://www.w3.org/1999/xlink" version="3.6" xsi:schemaLocation="http://www.loc.gov/mods/v3 http://cluster-schemas.uni-hd.de/modsCluster.xsd" ID="uuid-0BA84C35-B054-4639-BD14-21B18EEF7ADC"><titleInfo lang="chi" script="Hant"><title>卻水衣全論</title></titleInfo><note type="citation">增版東西學書錄,卷二,工蓺第八,雜蓺,p 156</note><abstract type="summary"> 卻水衣全論一卷 [英]大斐斯著[英]傅蘭雅譯，徐壽述。  </abstract><identifier type="mh">book_415</identifier></mods>