<mods xmlns="http://www.loc.gov/mods/v3" xmlns:xsi="http://www.w3.org/2001/XMLSchema-instance" xmlns:xlink="http://www.w3.org/1999/xlink" version="3.6" xsi:schemaLocation="http://www.loc.gov/mods/v3 http://cluster-schemas.uni-hd.de/modsCluster.xsd" ID="uuid-0DB95693-27F2-4695-AD38-7B505C421902"><name type="personal" xlink:href=""><namePart lang="chi" script="Hant">外山正一述</namePart><role><roleTerm type="text">author</roleTerm></role></name><titleInfo lang="chi" script="Hant"><title>演劇改良論私考</title></titleInfo><note type="citation">日本書目志,卷十三,美術門,演劇,p 1120</note><note type="price">七分</note><identifier type="mh">book_7295</identifier></mods>