<mods xmlns="http://www.loc.gov/mods/v3" xmlns:xsi="http://www.w3.org/2001/XMLSchema-instance" xmlns:xlink="http://www.w3.org/1999/xlink" version="3.6" xsi:schemaLocation="http://www.loc.gov/mods/v3 http://cluster-schemas.uni-hd.de/modsCluster.xsd" ID="uuid-0162482F-FB83-492E-9A3E-E1427C8669AF"><name type="personal" xlink:href=""><namePart lang="chi" script="Hant">酒井捨彥編纂　岡村增太郎校</namePart><role><roleTerm type="text">author</roleTerm></role></name><titleInfo lang="chi" script="Hant"><title>萬國暗射指針 小學校用 </title></titleInfo><note type="citation">日本書目志,卷四,圖史門,地圖小學校用,p 687</note><note type="price">四角</note><identifier type="mh">book_2017</identifier></mods>