<mods xmlns="http://www.loc.gov/mods/v3" xmlns:xsi="http://www.w3.org/2001/XMLSchema-instance" xmlns:xlink="http://www.w3.org/1999/xlink" version="3.6" xsi:schemaLocation="http://www.loc.gov/mods/v3 http://cluster-schemas.uni-hd.de/modsCluster.xsd" ID="uuid-0782B1FF-DBB3-4EE6-A4BB-ADAD642392B1"><titleInfo lang="chi" script="Hant"><title> 大岡仁政錄 小間物屋彥兵衛白子屋阿熊之傳</title></titleInfo><note type="citation">日本書目志,卷十四,小說門,小說,p 1154</note><note type="price">二角</note><identifier type="mh">book_7756</identifier></mods>