<mods xmlns="http://www.loc.gov/mods/v3" xmlns:xsi="http://www.w3.org/2001/XMLSchema-instance" xmlns:xlink="http://www.w3.org/1999/xlink" version="3.6" xsi:schemaLocation="http://www.loc.gov/mods/v3 http://cluster-schemas.uni-hd.de/modsCluster.xsd" ID="uuid-096BE403-4E34-4E57-988C-212C354E4B57"><name type="personal" xlink:href=""><namePart lang="chi" script="Hant">博物局藏版</namePart><role><roleTerm type="text">author</roleTerm></role></name><titleInfo lang="chi" script="Hant"><title> 教草一覽 豆腐一覽</title></titleInfo><note type="citation">日本書目志,卷八,工業門,匠學書,p 875</note><note type="price">五分</note><identifier type="mh">book_4092</identifier></mods>