<mods xmlns="http://www.loc.gov/mods/v3" xmlns:xsi="http://www.w3.org/2001/XMLSchema-instance" xmlns:xlink="http://www.w3.org/1999/xlink" version="3.6" xsi:schemaLocation="http://www.loc.gov/mods/v3 http://cluster-schemas.uni-hd.de/modsCluster.xsd" ID="uuid-079E8C3C-544A-42FB-A909-FF5B860E5B9B"><name type="personal" xlink:href=""><namePart lang="chi" script="Hant">農務局、工務局藏版</namePart><role><roleTerm type="text">author</roleTerm></role></name><titleInfo lang="chi" script="Hant"><title>綿絲集談會紀事</title></titleInfo><note type="citation">日本書目志,卷八,工業門,匠學書,p 878</note><note type="price">一角五分</note><identifier type="mh">book_4137</identifier></mods>