<mods xmlns="http://www.loc.gov/mods/v3" xmlns:xsi="http://www.w3.org/2001/XMLSchema-instance" xmlns:xlink="http://www.w3.org/1999/xlink" version="3.6" xsi:schemaLocation="http://www.loc.gov/mods/v3 http://cluster-schemas.uni-hd.de/modsCluster.xsd" ID="uuid-053B3AE3-29BC-49A3-B614-3086285F09AC"><name type="personal" xlink:href=""><namePart lang="chi" script="Hant">國分敬太郎編</namePart><role><roleTerm type="text">author</roleTerm></role></name><titleInfo lang="chi" script="Hant"><title>官城縣地誌略 小學校用 </title></titleInfo><note type="citation">日本書目志,卷四,圖史門,地理小學校,p 678</note><note type="price">八分</note><identifier type="mh">book_1895</identifier></mods>