<mods xmlns="http://www.loc.gov/mods/v3" xmlns:xsi="http://www.w3.org/2001/XMLSchema-instance" xmlns:xlink="http://www.w3.org/1999/xlink" version="3.6" xsi:schemaLocation="http://www.loc.gov/mods/v3 http://cluster-schemas.uni-hd.de/modsCluster.xsd" ID="uuid-0DDACC8D-CBE3-44CE-AC9E-DE9234360071"><titleInfo lang="chi" script="Hant"><title>幾何探要</title></titleInfo><note type="citation">增版東西學書錄,卷三,算學第十二,數學,p 185</note><abstract type="summary"> 幾何探要　卷 滙報本   [法]　著，滙報館譯，於幾何之理言之極詳。 [顧補]  </abstract><identifier type="mh">book_528</identifier></mods>