<mods xmlns="http://www.loc.gov/mods/v3" xmlns:xsi="http://www.w3.org/2001/XMLSchema-instance" xmlns:xlink="http://www.w3.org/1999/xlink" version="3.6" xsi:schemaLocation="http://www.loc.gov/mods/v3 http://cluster-schemas.uni-hd.de/modsCluster.xsd" ID="uuid-048ABD3B-0914-4610-B84F-EC7BA70DD0F8"><titleInfo lang="chi" script="Hant"><title>大增補太秡大成 四十八部秡 </title></titleInfo><note type="citation">日本書目志,卷三,宗教門,神道書,p 667</note><note type="price">一角八分</note><identifier type="mh">book_1782</identifier></mods>