<mods xmlns="http://www.loc.gov/mods/v3" xmlns:xsi="http://www.w3.org/2001/XMLSchema-instance" xmlns:xlink="http://www.w3.org/1999/xlink" version="3.6" xsi:schemaLocation="http://www.loc.gov/mods/v3 http://cluster-schemas.uni-hd.de/modsCluster.xsd" ID="uuid-0263FFF6-75DA-403E-8219-388D8B2FE111"><name type="personal" xlink:href=""><namePart lang="chi" script="Hant">文部省藏版</namePart><role><roleTerm type="text">author</roleTerm></role></name><titleInfo lang="chi" script="Hant"><title> 《百科全書》 經濟論</title></titleInfo><note type="citation">日本書目志,卷五,政治門,經濟學,p 764</note><note type="price">三角</note><identifier type="mh">book_2968</identifier></mods>