<mods xmlns="http://www.loc.gov/mods/v3" xmlns:xsi="http://www.w3.org/2001/XMLSchema-instance" xmlns:xlink="http://www.w3.org/1999/xlink" version="3.6" xsi:schemaLocation="http://www.loc.gov/mods/v3 http://cluster-schemas.uni-hd.de/modsCluster.xsd" ID="uuid-07F21523-8C3A-4454-9553-40B80DFF0AC9"><name type="personal" xlink:href=""><namePart lang="chi" script="Hant">印藤真楯、岡村增太郎合著</namePart><role><roleTerm type="text">author</roleTerm></role></name><titleInfo lang="chi" script="Hant"><title> 高等小學 帝國習畫帖</title></titleInfo><note type="citation">日本書目志,卷十三,美術門,畫手本學校用,p 1112</note><note type="price">四角八分</note><identifier type="mh">book_7183</identifier></mods>