<mods xmlns="http://www.loc.gov/mods/v3" xmlns:xsi="http://www.w3.org/2001/XMLSchema-instance" xmlns:xlink="http://www.w3.org/1999/xlink" version="3.6" xsi:schemaLocation="http://www.loc.gov/mods/v3 http://cluster-schemas.uni-hd.de/modsCluster.xsd" ID="uuid-07381DF8-9A2D-41B1-9AFA-7AE81B567EB1"><name type="personal" xlink:href=""><namePart lang="chi" script="Hant">物集高見著</namePart><role><roleTerm type="text">author</roleTerm></role></name><titleInfo lang="chi" script="Hant"><title>初學日本文典 文部省撿定濟 </title></titleInfo><note type="citation">日本書目志,卷十二,文字語言門,文典及假名遣,p 1060</note><note type="price">五角</note><identifier type="mh">book_6468</identifier></mods>