<mods xmlns="http://www.loc.gov/mods/v3" xmlns:xsi="http://www.w3.org/2001/XMLSchema-instance" xmlns:xlink="http://www.w3.org/1999/xlink" version="3.6" xsi:schemaLocation="http://www.loc.gov/mods/v3 http://cluster-schemas.uni-hd.de/modsCluster.xsd" ID="uuid-0A180B93-13EE-493E-8F53-653A9B365AC6"><name type="personal" xlink:href=""><namePart lang="chi" script="Hant">警醒社編輯</namePart><role><roleTerm type="text">author</roleTerm></role></name><titleInfo lang="chi" script="Hant"><title>基督教及社會</title></titleInfo><note type="citation">日本書目志,卷五,政治門,社會學,p 760</note><note type="price">一角五分</note><identifier type="mh">book_2927</identifier></mods>