<mods xmlns="http://www.loc.gov/mods/v3" xmlns:xsi="http://www.w3.org/2001/XMLSchema-instance" xmlns:xlink="http://www.w3.org/1999/xlink" version="3.6" xsi:schemaLocation="http://www.loc.gov/mods/v3 http://cluster-schemas.uni-hd.de/modsCluster.xsd" ID="uuid-0DBBF301-9C5A-4FC6-B0A9-9AB0CBF84EB0"><name type="personal" xlink:href=""><namePart lang="chi" script="Hant">澁川景佑著</namePart><role><roleTerm type="text">author</roleTerm></role></name><titleInfo lang="chi" script="Hant"><title>曆引圖編</title></titleInfo><note type="citation">日本書目志,卷二,理學門,曆書,p 636</note><note type="price">二角</note><identifier type="mh">book_1444</identifier></mods>