<mods xmlns="http://www.loc.gov/mods/v3" xmlns:xsi="http://www.w3.org/2001/XMLSchema-instance" xmlns:xlink="http://www.w3.org/1999/xlink" version="3.6" xsi:schemaLocation="http://www.loc.gov/mods/v3 http://cluster-schemas.uni-hd.de/modsCluster.xsd" ID="uuid-0DE80361-2657-474A-8E0A-171ABE016785"><name type="personal" xlink:href=""><namePart lang="chi" script="Hant">岸本宗道、大宮宗司共編</namePart><role><roleTerm type="text">author</roleTerm></role></name><titleInfo lang="chi" script="Hant"><title> 新撰 長歌集</title></titleInfo><note type="citation">日本書目志,卷十一,文學門,歌集,p 985</note><note type="price">二角五分</note><identifier type="mh">book_5411</identifier></mods>