<mods xmlns="http://www.loc.gov/mods/v3" xmlns:xsi="http://www.w3.org/2001/XMLSchema-instance" xmlns:xlink="http://www.w3.org/1999/xlink" version="3.6" xsi:schemaLocation="http://www.loc.gov/mods/v3 http://cluster-schemas.uni-hd.de/modsCluster.xsd" ID="uuid-06347D18-950A-489E-8B77-D3391A2F58CD"><titleInfo lang="chi" script="Hant"><title>楠昔噺碪拍子段</title></titleInfo><note type="citation">日本書目志,卷十一,文學門,戲曲,p 1010</note><note type="price">三分二釐</note><identifier type="mh">book_5786</identifier></mods>