<mods xmlns="http://www.loc.gov/mods/v3" xmlns:xsi="http://www.w3.org/2001/XMLSchema-instance" xmlns:xlink="http://www.w3.org/1999/xlink" version="3.6" xsi:schemaLocation="http://www.loc.gov/mods/v3 http://cluster-schemas.uni-hd.de/modsCluster.xsd" ID="uuid-05BA9F13-7686-456D-8797-29398B01C544"><name type="personal" xlink:href=""><namePart lang="chi" script="Hant">柳雅</namePart><role><roleTerm type="text">author</roleTerm></role></name><titleInfo lang="chi" script="Hant"><title>江戶節根元記 《温知叢書》第十編之內 </title></titleInfo><note type="citation">日本書目志,卷十三,美術門,音樂及音曲,p 1117</note><note type="price">二角五分</note><identifier type="mh">book_7258</identifier></mods>