<mods xmlns="http://www.loc.gov/mods/v3" xmlns:xsi="http://www.w3.org/2001/XMLSchema-instance" xmlns:xlink="http://www.w3.org/1999/xlink" version="3.6" xsi:schemaLocation="http://www.loc.gov/mods/v3 http://cluster-schemas.uni-hd.de/modsCluster.xsd" ID="uuid-02B1E4E0-30B9-4E3D-B562-CA309B907626"><name type="personal" xlink:href=""><namePart lang="chi" script="Hant">富梁堂著</namePart><role><roleTerm type="text">author</roleTerm></role></name><titleInfo lang="chi" script="Hant"><title>將棊指南車</title></titleInfo><note type="citation">日本書目志,卷十三,美術門,將棊書,p 1132</note><note type="price">四分</note><identifier type="mh">book_7464</identifier></mods>