<mods xmlns="http://www.loc.gov/mods/v3" xmlns:xsi="http://www.w3.org/2001/XMLSchema-instance" xmlns:xlink="http://www.w3.org/1999/xlink" version="3.6" xsi:schemaLocation="http://www.loc.gov/mods/v3 http://cluster-schemas.uni-hd.de/modsCluster.xsd" ID="uuid-0DDBC789-D92C-4E98-9128-FC3FC057AA93"><name type="personal" xlink:href=""><namePart lang="chi" script="Hant">志賀雷山譯</namePart><role><roleTerm type="text">author</roleTerm></role></name><titleInfo lang="chi" script="Hant"><title>土壤篇</title></titleInfo><note type="citation">日本書目志,卷七,農業門,土壤類,p 828</note><note type="price">六角</note><identifier type="mh">book_3683</identifier></mods>