<mods xmlns="http://www.loc.gov/mods/v3" xmlns:xsi="http://www.w3.org/2001/XMLSchema-instance" xmlns:xlink="http://www.w3.org/1999/xlink" version="3.6" xsi:schemaLocation="http://www.loc.gov/mods/v3 http://cluster-schemas.uni-hd.de/modsCluster.xsd" ID="uuid-0ADCE32C-326F-4FFB-9528-46EE003884CC"><titleInfo lang="chi" script="Hant"><title>敵討天下茶屋</title></titleInfo><note type="citation">日本書目志,卷十四,小說門,小說,p 1159</note><note type="price">一角</note><identifier type="mh">book_7830</identifier></mods>