<mods xmlns="http://www.loc.gov/mods/v3" xmlns:xsi="http://www.w3.org/2001/XMLSchema-instance" xmlns:xlink="http://www.w3.org/1999/xlink" version="3.6" xsi:schemaLocation="http://www.loc.gov/mods/v3 http://cluster-schemas.uni-hd.de/modsCluster.xsd" ID="uuid-07DB4531-8677-4FF2-9F26-35561ACB09E1"><name type="personal" xlink:href=""><namePart lang="chi" script="Hant">渡邊直之編輯</namePart><role><roleTerm type="text">author</roleTerm></role></name><titleInfo lang="chi" script="Hant"><title> 新訂 宮城縣管內地圖 二十萬分之一 </title></titleInfo><note type="citation">日本書目志,卷四,圖史門,府縣及分國圖,p 694</note><note type="price">二角</note><identifier type="mh">book_2107</identifier></mods>