<mods xmlns="http://www.loc.gov/mods/v3" xmlns:xsi="http://www.w3.org/2001/XMLSchema-instance" xmlns:xlink="http://www.w3.org/1999/xlink" version="3.6" xsi:schemaLocation="http://www.loc.gov/mods/v3 http://cluster-schemas.uni-hd.de/modsCluster.xsd" ID="uuid-035F49DB-4710-470B-B853-83EC92FA02D1"><name type="personal" xlink:href=""><namePart lang="chi" script="Hant">江木衷著</namePart><role><roleTerm type="text">author</roleTerm></role></name><titleInfo lang="chi" script="Hant"><title>日本民法賣買篇講義</title></titleInfo><note type="citation">日本書目志,卷六,法律門,民法,p 791</note><note type="price">七角</note><identifier type="mh">book_3299</identifier></mods>