<mods xmlns="http://www.loc.gov/mods/v3" xmlns:xsi="http://www.w3.org/2001/XMLSchema-instance" xmlns:xlink="http://www.w3.org/1999/xlink" version="3.6" xsi:schemaLocation="http://www.loc.gov/mods/v3 http://cluster-schemas.uni-hd.de/modsCluster.xsd" ID="uuid-074EDD3C-5959-44C8-8491-A2B20863C365"><name type="personal" xlink:href=""><namePart lang="chi" script="Hant">脇田季吉編輯</namePart><role><roleTerm type="text">author</roleTerm></role></name><titleInfo lang="chi" script="Hant"><title>茶之湯獨稽古</title></titleInfo><note type="citation">日本書目志,卷十三,美術門,茶湯書,p 1126</note><note type="price">八分</note><identifier type="mh">book_7379</identifier></mods>