<mods xmlns="http://www.loc.gov/mods/v3" xmlns:xsi="http://www.w3.org/2001/XMLSchema-instance" xmlns:xlink="http://www.w3.org/1999/xlink" version="3.6" xsi:schemaLocation="http://www.loc.gov/mods/v3 http://cluster-schemas.uni-hd.de/modsCluster.xsd" ID="uuid-0141EEC3-A10D-4F10-B920-1DB369BBA690"><name type="personal" xlink:href=""><namePart lang="chi" script="Hant">荒木寬畝畫</namePart><role><roleTerm type="text">author</roleTerm></role></name><titleInfo lang="chi" script="Hant"><title>寬畝花鳥畫譜</title></titleInfo><note type="citation">日本書目志,卷十三,美術門,繪畫書,p 1093</note><identifier type="mh">book_6910</identifier></mods>