<mods xmlns="http://www.loc.gov/mods/v3" xmlns:xsi="http://www.w3.org/2001/XMLSchema-instance" xmlns:xlink="http://www.w3.org/1999/xlink" version="3.6" xsi:schemaLocation="http://www.loc.gov/mods/v3 http://cluster-schemas.uni-hd.de/modsCluster.xsd" ID="uuid-0B7B2C74-BECC-4C3E-835B-694441EC68D5"><name type="personal" xlink:href=""><namePart lang="chi" script="Hant">小野崎五助、草光萬平講述</namePart><role><roleTerm type="text">author</roleTerm></role></name><titleInfo lang="chi" script="Hant"><title>國稅滯納處分解法釋</title></titleInfo><note type="citation">日本書目志,卷六,法律門,租稅法,p 807</note><note type="price">三角</note><identifier type="mh">book_3513</identifier></mods>