<mods xmlns="http://www.loc.gov/mods/v3" xmlns:xsi="http://www.w3.org/2001/XMLSchema-instance" xmlns:xlink="http://www.w3.org/1999/xlink" version="3.6" xsi:schemaLocation="http://www.loc.gov/mods/v3 http://cluster-schemas.uni-hd.de/modsCluster.xsd" ID="uuid-0075F79E-CDE9-4671-B81C-7747D0A2258D"><name type="personal" xlink:href=""><namePart lang="chi" script="Hant">中山徹編</namePart><role><roleTerm type="text">author</roleTerm></role></name><titleInfo lang="chi" script="Hant"><title>古今英傑詩鈔</title></titleInfo><note type="citation">日本書目志,卷十一,文學門,詩集,p 972</note><note type="price">二角五分</note><identifier type="mh">book_5220</identifier></mods>