<mods xmlns="http://www.loc.gov/mods/v3" xmlns:xsi="http://www.w3.org/2001/XMLSchema-instance" xmlns:xlink="http://www.w3.org/1999/xlink" version="3.6" xsi:schemaLocation="http://www.loc.gov/mods/v3 http://cluster-schemas.uni-hd.de/modsCluster.xsd" ID="uuid-06FC4A5B-1A7B-46D1-88F1-EF86FB3A8FF0"><name type="personal" xlink:href=""><namePart lang="chi" script="Hant">下平用采譯</namePart><role><roleTerm type="text">author</roleTerm></role></name><titleInfo lang="chi" script="Hant"><title>朱氏婦人病學</title></titleInfo><note type="citation">日本書目志,卷一,生理門,婦人科學,p 613</note><note type="price">三圓六角</note><identifier type="mh">book_1204</identifier></mods>