<mods xmlns="http://www.loc.gov/mods/v3" xmlns:xsi="http://www.w3.org/2001/XMLSchema-instance" xmlns:xlink="http://www.w3.org/1999/xlink" version="3.6" xsi:schemaLocation="http://www.loc.gov/mods/v3 http://cluster-schemas.uni-hd.de/modsCluster.xsd" ID="uuid-07EB2736-F5F6-4254-8147-0A39FC16578A"><name type="personal" xlink:href=""><namePart lang="chi" script="Hant">松浦義禮著</namePart><role><roleTerm type="text">author</roleTerm></role></name><titleInfo lang="chi" script="Hant"><title> 明治新刻 詩學便覽大成</title></titleInfo><note type="citation">日本書目志,卷十一,文學門,作詩及詩集,p 966</note><note type="price">一角二分</note><identifier type="mh">book_5140</identifier></mods>