<mods xmlns="http://www.loc.gov/mods/v3" xmlns:xsi="http://www.w3.org/2001/XMLSchema-instance" xmlns:xlink="http://www.w3.org/1999/xlink" version="3.6" xsi:schemaLocation="http://www.loc.gov/mods/v3 http://cluster-schemas.uni-hd.de/modsCluster.xsd" ID="uuid-02AE68F8-8A4A-4F36-90CB-EA905D0F7F6F"><name type="personal" xlink:href=""><namePart lang="chi" script="Hant">村田忠恕編</namePart><role><roleTerm type="text">author</roleTerm></role></name><titleInfo lang="chi" script="Hant"><title>小學文例珠璣</title></titleInfo><note type="citation">日本書目志,卷十二,文字語言門,作文書學校用,p 1043</note><note type="price">一圓五角</note><identifier type="mh">book_6217</identifier></mods>