<mods xmlns="http://www.loc.gov/mods/v3" xmlns:xsi="http://www.w3.org/2001/XMLSchema-instance" xmlns:xlink="http://www.w3.org/1999/xlink" version="3.6" xsi:schemaLocation="http://www.loc.gov/mods/v3 http://cluster-schemas.uni-hd.de/modsCluster.xsd" ID="uuid-0332B2E4-BF6C-4EC6-AFF6-C40AB2C769EF"><name type="personal" xlink:href=""><namePart lang="chi" script="Hant">南翠外史著</namePart><role><roleTerm type="text">author</roleTerm></role></name><titleInfo lang="chi" script="Hant"><title>滿春露</title></titleInfo><note type="citation">日本書目志,卷十四,小說門,小說,p 1173</note><note type="price">一角八分</note><identifier type="mh">book_8034</identifier></mods>