<mods xmlns="http://www.loc.gov/mods/v3" xmlns:xsi="http://www.w3.org/2001/XMLSchema-instance" xmlns:xlink="http://www.w3.org/1999/xlink" version="3.6" xsi:schemaLocation="http://www.loc.gov/mods/v3 http://cluster-schemas.uni-hd.de/modsCluster.xsd" ID="uuid-050852C5-4F97-42A0-A578-2730F6320AC5"><name type="personal" xlink:href=""><namePart lang="chi" script="Hant">壺井義和著</namePart><role><roleTerm type="text">author</roleTerm></role></name><titleInfo lang="chi" script="Hant"><title>紫式部日記傍註</title></titleInfo><note type="citation">日本書目志,卷十二,文字語言門,和文學,p 1032</note><note type="price">二角五分</note><identifier type="mh">book_6061</identifier></mods>