<mods xmlns="http://www.loc.gov/mods/v3" xmlns:xsi="http://www.w3.org/2001/XMLSchema-instance" xmlns:xlink="http://www.w3.org/1999/xlink" version="3.6" xsi:schemaLocation="http://www.loc.gov/mods/v3 http://cluster-schemas.uni-hd.de/modsCluster.xsd" ID="uuid-083A1822-ECDB-4C14-AD41-EDBCF31451AC"><name type="personal" xlink:href=""><namePart lang="chi" script="Hant">末松謙澄著</namePart><role><roleTerm type="text">author</roleTerm></role></name><titleInfo lang="chi" script="Hant"><title> 問題附 國民修身談 小學校用 </title></titleInfo><note type="citation">日本書目志,卷十,教育門,修身書小學校用,p 916</note><note type="price">二角</note><identifier type="mh">book_4532</identifier></mods>