<mods xmlns="http://www.loc.gov/mods/v3" xmlns:xsi="http://www.w3.org/2001/XMLSchema-instance" xmlns:xlink="http://www.w3.org/1999/xlink" version="3.6" xsi:schemaLocation="http://www.loc.gov/mods/v3 http://cluster-schemas.uni-hd.de/modsCluster.xsd" ID="uuid-02431FFD-6D8A-4301-A720-8C878A4D5095"><name type="personal" xlink:href=""><namePart lang="chi" script="Hant">石村貞一輯　河野通之校</namePart><role><roleTerm type="text">author</roleTerm></role></name><titleInfo lang="chi" script="Hant"><title>釋教文粹</title></titleInfo><note type="citation">日本書目志,卷十,教育門,漢文書,p 960</note><note type="price">五角五分</note><identifier type="mh">book_5107</identifier></mods>