<mods xmlns="http://www.loc.gov/mods/v3" xmlns:xsi="http://www.w3.org/2001/XMLSchema-instance" xmlns:xlink="http://www.w3.org/1999/xlink" version="3.6" xsi:schemaLocation="http://www.loc.gov/mods/v3 http://cluster-schemas.uni-hd.de/modsCluster.xsd" ID="uuid-04FB0DF9-3393-4603-85AC-5A8D882625C3"><name type="personal" xlink:href=""><namePart lang="chi" script="Hant">山田董編纂</namePart><role><roleTerm type="text">author</roleTerm></role></name><titleInfo lang="chi" script="Hant"><title>定性分析法</title></titleInfo><note type="citation">日本書目志,卷二,理學門,分析書,p 635</note><note type="price">九角五分</note><identifier type="mh">book_1433</identifier></mods>