<mods xmlns="http://www.loc.gov/mods/v3" xmlns:xsi="http://www.w3.org/2001/XMLSchema-instance" xmlns:xlink="http://www.w3.org/1999/xlink" version="3.6" xsi:schemaLocation="http://www.loc.gov/mods/v3 http://cluster-schemas.uni-hd.de/modsCluster.xsd" ID="uuid-0741D164-5BF6-444D-85D0-1BCCE1FDE3B7"><titleInfo lang="chi" script="Hant"><title>日本龍馬俠士傳</title></titleInfo><note type="citation">增版東西學書錄,卷一,史志第一,臣民傳記,p 67</note><abstract type="summary"> 日本龍馬俠士傳二卷 東亞書局本二冊   [日本]愚山真軼郎著，日本當慶應之季，外有各國聯合之患，內有諸藩追迫之 變，龍馬以一人首創攘夷，翊助王室，四方豪士雲集響應，遂至殺身而後已，其 後西鄉大久保諸人傾幕府，張民權，卒致維新，克覿強盛，皆採納其議為多。此 傳所記略具其事。 東亞書局譯有日本維新三傑傳、英美文人傳，均未見。  </abstract><identifier type="mh">book_84</identifier></mods>