<mods xmlns="http://www.loc.gov/mods/v3" xmlns:xsi="http://www.w3.org/2001/XMLSchema-instance" xmlns:xlink="http://www.w3.org/1999/xlink" version="3.6" xsi:schemaLocation="http://www.loc.gov/mods/v3 http://cluster-schemas.uni-hd.de/modsCluster.xsd" ID="uuid-09B9BB56-F11F-4830-AE44-282C284E4968"><name type="personal" xlink:href=""><namePart lang="chi" script="Hant">內務省藏版</namePart><role><roleTerm type="text">author</roleTerm></role></name><titleInfo lang="chi" script="Hant"><title>斯丁傳</title></titleInfo><note type="citation">日本書目志,卷四,圖史門,傳記,p 726</note><note type="price">四圓三角</note><identifier type="mh">book_2543</identifier></mods>