<mods xmlns="http://www.loc.gov/mods/v3" xmlns:xsi="http://www.w3.org/2001/XMLSchema-instance" xmlns:xlink="http://www.w3.org/1999/xlink" version="3.6" xsi:schemaLocation="http://www.loc.gov/mods/v3 http://cluster-schemas.uni-hd.de/modsCluster.xsd" ID="uuid-0A782686-63A9-424A-A82D-B03674A870BC"><name type="personal" xlink:href=""><namePart lang="chi" script="Hant">渡邊益編輯</namePart><role><roleTerm type="text">author</roleTerm></role></name><titleInfo lang="chi" script="Hant"><title> 東京會玉篇東京節用 二書合本</title></titleInfo><note type="citation">日本書目志,卷十二,文字語言門,伊吕波引,p 1072</note><note type="price">五角</note><identifier type="mh">book_6644</identifier></mods>