<mods xmlns="http://www.loc.gov/mods/v3" xmlns:xsi="http://www.w3.org/2001/XMLSchema-instance" xmlns:xlink="http://www.w3.org/1999/xlink" version="3.6" xsi:schemaLocation="http://www.loc.gov/mods/v3 http://cluster-schemas.uni-hd.de/modsCluster.xsd" ID="uuid-0121B314-453F-42C1-826A-42050BAD132B"><name type="personal" xlink:href=""><namePart lang="chi" script="Hant">田口和美編纂</namePart><role><roleTerm type="text">author</roleTerm></role></name><titleInfo lang="chi" script="Hant"><title>顯微鏡術攬要</title></titleInfo><note type="citation">日本書目志,卷一,生理門,顯微鏡,p 615</note><note type="price">一圓五角</note><identifier type="mh">book_1224</identifier></mods>