<mods xmlns="http://www.loc.gov/mods/v3" xmlns:xsi="http://www.w3.org/2001/XMLSchema-instance" xmlns:xlink="http://www.w3.org/1999/xlink" version="3.6" xsi:schemaLocation="http://www.loc.gov/mods/v3 http://cluster-schemas.uni-hd.de/modsCluster.xsd" ID="uuid-00A526AD-174E-49C2-849D-D169E0E4DB70"><name type="personal" xlink:href=""><namePart lang="chi" script="Hant">小林高英</namePart><role><roleTerm type="text">author</roleTerm></role></name><titleInfo lang="chi" script="Hant"><title>心學俗語</title></titleInfo><note type="citation">日本書目志,卷十,教育門,教訓教草修身雜書類,p 913</note><note type="price">八分</note><identifier type="mh">book_4476</identifier></mods>