<mods xmlns="http://www.loc.gov/mods/v3" xmlns:xsi="http://www.w3.org/2001/XMLSchema-instance" xmlns:xlink="http://www.w3.org/1999/xlink" version="3.6" xsi:schemaLocation="http://www.loc.gov/mods/v3 http://cluster-schemas.uni-hd.de/modsCluster.xsd" ID="uuid-0C6F29F4-AFCD-4DA6-B326-8BC855BA5794"><name type="personal" xlink:href=""><namePart lang="chi" script="Hant">博物局藏板</namePart><role><roleTerm type="text">author</roleTerm></role></name><titleInfo lang="chi" script="Hant"><title> 教草一覽內 煙草一覽</title></titleInfo><note type="citation">日本書目志,卷七,農業門,煙草類,p 840</note><note type="price">五分</note><identifier type="mh">book_3769</identifier></mods>