<mods xmlns="http://www.loc.gov/mods/v3" xmlns:xsi="http://www.w3.org/2001/XMLSchema-instance" xmlns:xlink="http://www.w3.org/1999/xlink" version="3.6" xsi:schemaLocation="http://www.loc.gov/mods/v3 http://cluster-schemas.uni-hd.de/modsCluster.xsd" ID="uuid-0E9ACE15-FB82-444B-B816-8B8F6D4C0CF8"><name type="personal" xlink:href=""><namePart lang="chi" script="Hant">峰是三郎譯</namePart><role><roleTerm type="text">author</roleTerm></role></name><titleInfo lang="chi" script="Hant"><title> 地理歷史 教授原論</title></titleInfo><note type="citation">日本書目志,卷十,教育門,實地教育,p 930</note><note type="price">二角八分</note><identifier type="mh">book_4724</identifier></mods>