<mods xmlns="http://www.loc.gov/mods/v3" xmlns:xsi="http://www.w3.org/2001/XMLSchema-instance" xmlns:xlink="http://www.w3.org/1999/xlink" version="3.6" xsi:schemaLocation="http://www.loc.gov/mods/v3 http://cluster-schemas.uni-hd.de/modsCluster.xsd" ID="uuid-0106FCB3-2067-43F1-A55C-65507AD34630"><name type="personal" xlink:href=""><namePart lang="chi" script="Hant">池田常藏、淺野德三質問　練木喜三答辨</namePart><role><roleTerm type="text">author</roleTerm></role></name><titleInfo lang="chi" script="Hant"><title>蠶桑病理問答</title></titleInfo><note type="citation">日本書目志,卷七,農業門,蠶桑書,p 855</note><note type="price">四角</note><identifier type="mh">book_3930</identifier></mods>