<mods xmlns="http://www.loc.gov/mods/v3" xmlns:xsi="http://www.w3.org/2001/XMLSchema-instance" xmlns:xlink="http://www.w3.org/1999/xlink" version="3.6" xsi:schemaLocation="http://www.loc.gov/mods/v3 http://cluster-schemas.uni-hd.de/modsCluster.xsd" ID="uuid-03A6E088-7D22-4531-A1F1-FB12B3359D11"><name type="personal" xlink:href=""><namePart lang="chi" script="Hant">片山國家翻譯</namePart><role><roleTerm type="text">author</roleTerm></role></name><titleInfo lang="chi" script="Hant"><title>軍陣外科手術</title></titleInfo><note type="citation">日本書目志,卷一,生理門,外科學,p 609</note><note type="price">四圓</note><identifier type="mh">book_1147</identifier></mods>