<mods xmlns="http://www.loc.gov/mods/v3" xmlns:xsi="http://www.w3.org/2001/XMLSchema-instance" xmlns:xlink="http://www.w3.org/1999/xlink" version="3.6" xsi:schemaLocation="http://www.loc.gov/mods/v3 http://cluster-schemas.uni-hd.de/modsCluster.xsd" ID="uuid-03751AD4-7344-4371-88F8-49C6276CF49A"><name type="personal" xlink:href=""><namePart lang="chi" script="Hant">清宮秀堅著</namePart><role><roleTerm type="text">author</roleTerm></role></name><titleInfo lang="chi" script="Hant"><title>地方新書</title></titleInfo><note type="citation">日本書目志,卷五,政治門,行政學,p 754</note><note type="price">五角</note><identifier type="mh">book_2861</identifier></mods>