<mods xmlns="http://www.loc.gov/mods/v3" xmlns:xsi="http://www.w3.org/2001/XMLSchema-instance" xmlns:xlink="http://www.w3.org/1999/xlink" version="3.6" xsi:schemaLocation="http://www.loc.gov/mods/v3 http://cluster-schemas.uni-hd.de/modsCluster.xsd" ID="uuid-0B10AB92-1FE4-4790-987B-576E5EC24499"><name type="personal" xlink:href=""><namePart lang="chi" script="Hant">北村三郎著</namePart><role><roleTerm type="text">author</roleTerm></role></name><titleInfo lang="chi" script="Hant"><title>土耳機史</title></titleInfo><note type="citation">日本書目志,卷四,圖史門,各國歷史,p 700</note><note type="price">三角</note><identifier type="mh">book_2188</identifier></mods>