<mods xmlns="http://www.loc.gov/mods/v3" xmlns:xsi="http://www.w3.org/2001/XMLSchema-instance" xmlns:xlink="http://www.w3.org/1999/xlink" version="3.6" xsi:schemaLocation="http://www.loc.gov/mods/v3 http://cluster-schemas.uni-hd.de/modsCluster.xsd" ID="uuid-0665C8A7-F24C-4073-8D19-9E8DDD6EB67F"><name type="personal" xlink:href=""><namePart lang="chi" script="Hant">大和田健樹著</namePart><role><roleTerm type="text">author</roleTerm></role></name><titleInfo lang="chi" script="Hant"><title> 尋常小學 帝國唱歌</title></titleInfo><note type="citation">日本書目志,卷十一,文學門,唱歌集,p 994</note><note type="price">三角</note><identifier type="mh">book_5548</identifier></mods>