<mods xmlns="http://www.loc.gov/mods/v3" xmlns:xsi="http://www.w3.org/2001/XMLSchema-instance" xmlns:xlink="http://www.w3.org/1999/xlink" version="3.6" xsi:schemaLocation="http://www.loc.gov/mods/v3 http://cluster-schemas.uni-hd.de/modsCluster.xsd" ID="uuid-02E99CA2-F8E9-4C64-BACF-2A81C079327E"><name type="personal" xlink:href=""><namePart lang="chi" script="Hant">新保磐次著</namePart><role><roleTerm type="text">author</roleTerm></role></name><titleInfo lang="chi" script="Hant"><title>日本普通文如何</title></titleInfo><note type="citation">日本書目志,卷十二,文字語言門,作文書,p 1036</note><note type="price">二角</note><identifier type="mh">book_6120</identifier></mods>