<mods xmlns="http://www.loc.gov/mods/v3" xmlns:xsi="http://www.w3.org/2001/XMLSchema-instance" xmlns:xlink="http://www.w3.org/1999/xlink" version="3.6" xsi:schemaLocation="http://www.loc.gov/mods/v3 http://cluster-schemas.uni-hd.de/modsCluster.xsd" ID="uuid-0D3A771D-3877-4B1B-B500-E8C00322EB9E"><name type="personal" xlink:href=""><namePart lang="chi" script="Hant">谷文晁筆</namePart><role><roleTerm type="text">author</roleTerm></role></name><titleInfo lang="chi" script="Hant"><title>文晁名筆畫譜</title></titleInfo><note type="citation">日本書目志,卷十三,美術門,繪畫書,p 1095</note><note type="price">五分</note><identifier type="mh">book_6933</identifier></mods>