<mods xmlns="http://www.loc.gov/mods/v3" xmlns:xsi="http://www.w3.org/2001/XMLSchema-instance" xmlns:xlink="http://www.w3.org/1999/xlink" version="3.6" xsi:schemaLocation="http://www.loc.gov/mods/v3 http://cluster-schemas.uni-hd.de/modsCluster.xsd" ID="uuid-04E9C02B-80DD-49FD-A76E-8F57D2C1FAC0"><name type="personal" xlink:href=""><namePart lang="chi" script="Hant">柳屋編輯</namePart><role><roleTerm type="text">author</roleTerm></role></name><titleInfo lang="chi" script="Hant"><title>古今端唄大全</title></titleInfo><note type="citation">日本書目志,卷十一,文學門,俗歌集,p 997</note><note type="price">六分</note><identifier type="mh">book_5598</identifier></mods>