<mods xmlns="http://www.loc.gov/mods/v3" xmlns:xsi="http://www.w3.org/2001/XMLSchema-instance" xmlns:xlink="http://www.w3.org/1999/xlink" version="3.6" xsi:schemaLocation="http://www.loc.gov/mods/v3 http://cluster-schemas.uni-hd.de/modsCluster.xsd" ID="uuid-0BD14BB0-A918-4CD7-BFAD-51543C3E13F0"><name type="personal" xlink:href=""><namePart lang="chi" script="Hant">岡本昆石編纂</namePart><role><roleTerm type="text">author</roleTerm></role></name><titleInfo lang="chi" script="Hant"><title> 古今百風 吾妻餘波</title></titleInfo><note type="citation">日本書目志,卷十三,美術門,繪畫書,p 1095</note><note type="price">四角</note><identifier type="mh">book_6939</identifier></mods>