<mods xmlns="http://www.loc.gov/mods/v3" xmlns:xsi="http://www.w3.org/2001/XMLSchema-instance" xmlns:xlink="http://www.w3.org/1999/xlink" version="3.6" xsi:schemaLocation="http://www.loc.gov/mods/v3 http://cluster-schemas.uni-hd.de/modsCluster.xsd" ID="uuid-0E27605F-2D5D-413B-A0E8-DC549608DA2D"><name type="personal" xlink:href=""><namePart lang="chi" script="Hant">元良勇次郎、家永豐吉合著</namePart><role><roleTerm type="text">author</roleTerm></role></name><titleInfo lang="chi" script="Hant"><title>萬國史綱 上卷 </title></titleInfo><note type="citation">日本書目志,卷四,圖史門,萬國歷史,p 698</note><note type="price">五角</note><identifier type="mh">book_2158</identifier></mods>