<mods xmlns="http://www.loc.gov/mods/v3" xmlns:xsi="http://www.w3.org/2001/XMLSchema-instance" xmlns:xlink="http://www.w3.org/1999/xlink" version="3.6" xsi:schemaLocation="http://www.loc.gov/mods/v3 http://cluster-schemas.uni-hd.de/modsCluster.xsd" ID="uuid-04ED811D-3BC7-41C7-A169-1BF59DD536E1"><name type="personal" xlink:href=""><namePart lang="chi" script="Hant">石川鴻齋編</namePart><role><roleTerm type="text">author</roleTerm></role></name><titleInfo lang="chi" script="Hant"><title> 袖珍史類 日本玉篇大全</title></titleInfo><note type="citation">日本書目志,卷十二,文字語言門,辭書,p 1064</note><note type="price">二角</note><identifier type="mh">book_6530</identifier></mods>