<mods xmlns="http://www.loc.gov/mods/v3" xmlns:xsi="http://www.w3.org/2001/XMLSchema-instance" xmlns:xlink="http://www.w3.org/1999/xlink" version="3.6" xsi:schemaLocation="http://www.loc.gov/mods/v3 http://cluster-schemas.uni-hd.de/modsCluster.xsd" ID="uuid-051F9545-967E-427C-B855-B0DE8802DB2C"><name type="personal" xlink:href=""><namePart lang="chi" script="Hant">嵩山堂校補</namePart><role><roleTerm type="text">author</roleTerm></role></name><titleInfo lang="chi" script="Hant"><title>元明花鳥畫典</title></titleInfo><note type="citation">日本書目志,卷十三,美術門,繪畫書,p 1093</note><note type="price">五角</note><identifier type="mh">book_6902</identifier></mods>