<mods xmlns="http://www.loc.gov/mods/v3" xmlns:xsi="http://www.w3.org/2001/XMLSchema-instance" xmlns:xlink="http://www.w3.org/1999/xlink" version="3.6" xsi:schemaLocation="http://www.loc.gov/mods/v3 http://cluster-schemas.uni-hd.de/modsCluster.xsd" ID="uuid-0C0AF44F-1B7F-4FF8-AF5C-418B4297A4B1"><name type="personal" xlink:href=""><namePart lang="chi" script="Hant">清劉源長著</namePart><role><roleTerm type="text">author</roleTerm></role></name><titleInfo lang="chi" script="Hant"><title>介翁茶史</title></titleInfo><note type="citation">日本書目志,卷十三,美術門,茶湯書,p 1126</note><note type="price">三角五分</note><identifier type="mh">book_7380</identifier></mods>