<mods xmlns="http://www.loc.gov/mods/v3" xmlns:xsi="http://www.w3.org/2001/XMLSchema-instance" xmlns:xlink="http://www.w3.org/1999/xlink" version="3.6" xsi:schemaLocation="http://www.loc.gov/mods/v3 http://cluster-schemas.uni-hd.de/modsCluster.xsd" ID="uuid-09B7A43F-BB9A-4A68-B456-E8352FA72784"><name type="personal" xlink:href=""><namePart lang="chi" script="Hant">故佐木弘綱遺稿</namePart><role><roleTerm type="text">author</roleTerm></role></name><titleInfo lang="chi" script="Hant"><title>歌詞遠鏡</title></titleInfo><note type="citation">日本書目志,卷十一,文學門,歌學及歌集,p 976</note><note type="price">九角</note><identifier type="mh">book_5290</identifier></mods>