<mods xmlns="http://www.loc.gov/mods/v3" xmlns:xsi="http://www.w3.org/2001/XMLSchema-instance" xmlns:xlink="http://www.w3.org/1999/xlink" version="3.6" xsi:schemaLocation="http://www.loc.gov/mods/v3 http://cluster-schemas.uni-hd.de/modsCluster.xsd" ID="uuid-0CF4D0BD-2E3F-4763-92E4-1F84C48F2FBB"><name type="personal" xlink:href=""><namePart lang="chi" script="Hant">增田蘭谷編輯</namePart><role><roleTerm type="text">author</roleTerm></role></name><titleInfo lang="chi" script="Hant"><title>伊吕波節用集</title></titleInfo><note type="citation">日本書目志,卷十二,文字語言門,伊吕波引,p 1071</note><note type="price">五分</note><identifier type="mh">book_6629</identifier></mods>