<mods xmlns="http://www.loc.gov/mods/v3" xmlns:xsi="http://www.w3.org/2001/XMLSchema-instance" xmlns:xlink="http://www.w3.org/1999/xlink" version="3.6" xsi:schemaLocation="http://www.loc.gov/mods/v3 http://cluster-schemas.uni-hd.de/modsCluster.xsd" ID="uuid-08402E1E-4340-4F8A-942A-C7D39FCFF5C1"><name type="personal" xlink:href=""><namePart lang="chi" script="Hant">富山房編</namePart><role><roleTerm type="text">author</roleTerm></role></name><titleInfo lang="chi" script="Hant"><title>萬國新地圖 《普通學全書》第十六篇 </title></titleInfo><note type="citation">日本書目志,卷四,圖史門,地圖小學校用,p 686</note><note type="price">二角</note><identifier type="mh">book_2004</identifier></mods>