<mods xmlns="http://www.loc.gov/mods/v3" xmlns:xsi="http://www.w3.org/2001/XMLSchema-instance" xmlns:xlink="http://www.w3.org/1999/xlink" version="3.6" xsi:schemaLocation="http://www.loc.gov/mods/v3 http://cluster-schemas.uni-hd.de/modsCluster.xsd" ID="uuid-0520F95A-C3C9-4789-A176-422EE30B8305"><name type="personal" xlink:href=""><namePart lang="chi" script="Hant">香雪散人著</namePart><role><roleTerm type="text">author</roleTerm></role></name><titleInfo lang="chi" script="Hant"><title>怪物屋敷</title></titleInfo><note type="citation">日本書目志,卷十四,小說門,小說,p 1146</note><note type="price">五分</note><identifier type="mh">book_7632</identifier></mods>