<mods xmlns="http://www.loc.gov/mods/v3" xmlns:xsi="http://www.w3.org/2001/XMLSchema-instance" xmlns:xlink="http://www.w3.org/1999/xlink" version="3.6" xsi:schemaLocation="http://www.loc.gov/mods/v3 http://cluster-schemas.uni-hd.de/modsCluster.xsd" ID="uuid-0BB6BC58-2C47-4EFD-92C1-D546B3B049DE"><name type="personal" xlink:href=""><namePart lang="chi" script="Hant">博物館藏版</namePart><role><roleTerm type="text">author</roleTerm></role></name><titleInfo lang="chi" script="Hant"><title>工藝百圖 陶器之部 </title></titleInfo><note type="citation">日本書目志,卷八,工業門,匠學書,p 877</note><note type="price">一圓二角五分</note><identifier type="mh">book_4127</identifier></mods>