<mods xmlns="http://www.loc.gov/mods/v3" xmlns:xsi="http://www.w3.org/2001/XMLSchema-instance" xmlns:xlink="http://www.w3.org/1999/xlink" version="3.6" xsi:schemaLocation="http://www.loc.gov/mods/v3 http://cluster-schemas.uni-hd.de/modsCluster.xsd" ID="uuid-050BA3AC-B30F-40E7-867E-3FF38410A500"><name type="personal" xlink:href=""><namePart lang="chi" script="Hant">西村貞編</namePart><role><roleTerm type="text">author</roleTerm></role></name><titleInfo lang="chi" script="Hant"><title>地文新編 附圖石版畫 </title></titleInfo><note type="citation">日本書目志,卷四,圖史門,地文學,p 681</note><note type="price">一圓</note><identifier type="mh">book_1941</identifier></mods>