<mods xmlns="http://www.loc.gov/mods/v3" xmlns:xsi="http://www.w3.org/2001/XMLSchema-instance" xmlns:xlink="http://www.w3.org/1999/xlink" version="3.6" xsi:schemaLocation="http://www.loc.gov/mods/v3 http://cluster-schemas.uni-hd.de/modsCluster.xsd" ID="uuid-02ACCFDA-9ACD-447E-A89C-8BBB0D59F412"><titleInfo lang="chi" script="Hant"><title>比類學</title></titleInfo><note type="citation">增版東西學書錄,卷四,幼學第二十六,幼學,p 262</note><abstract type="summary"> 比類學　卷 蒙學報本   曾廣銓譯，又名西國教養小孩法，其書後半部多言教事，無甚精義，所譯僅五 篇已足括全書之要。 [顧補]  </abstract><identifier type="mh">book_813</identifier></mods>