<mods xmlns="http://www.loc.gov/mods/v3" xmlns:xsi="http://www.w3.org/2001/XMLSchema-instance" xmlns:xlink="http://www.w3.org/1999/xlink" version="3.6" xsi:schemaLocation="http://www.loc.gov/mods/v3 http://cluster-schemas.uni-hd.de/modsCluster.xsd" ID="uuid-06A2EAAB-6CC8-4363-9DC5-F74C2E6A7321"><name type="personal" xlink:href=""><namePart lang="chi" script="Hant">學友館編輯</namePart><role><roleTerm type="text">author</roleTerm></role></name><titleInfo lang="chi" script="Hant"><title> 增補 民事訴訟手續</title></titleInfo><note type="citation">日本書目志,卷六,法律門,民事訴訟法,p 799</note><note type="price">一角二分</note><identifier type="mh">book_3405</identifier></mods>