<mods xmlns="http://www.loc.gov/mods/v3" xmlns:xsi="http://www.w3.org/2001/XMLSchema-instance" xmlns:xlink="http://www.w3.org/1999/xlink" version="3.6" xsi:schemaLocation="http://www.loc.gov/mods/v3 http://cluster-schemas.uni-hd.de/modsCluster.xsd" ID="uuid-099397D8-F03F-4EE7-85F0-DA605F232953"><titleInfo lang="chi" script="Hant"><title>雲切仁左衛門件</title></titleInfo><note type="citation">日本書目志,卷十四,小說門,小說,p 1171</note><note type="price">八分</note><identifier type="mh">book_8010</identifier></mods>