<mods xmlns="http://www.loc.gov/mods/v3" xmlns:xsi="http://www.w3.org/2001/XMLSchema-instance" xmlns:xlink="http://www.w3.org/1999/xlink" version="3.6" xsi:schemaLocation="http://www.loc.gov/mods/v3 http://cluster-schemas.uni-hd.de/modsCluster.xsd" ID="uuid-090F29BC-C1D7-4564-ADC5-690CC9E4C643"><name type="personal" xlink:href=""><namePart lang="chi" script="Hant">松田正久著</namePart><role><roleTerm type="text">author</roleTerm></role></name><titleInfo lang="chi" script="Hant"><title>小學道德論</title></titleInfo><note type="citation">日本書目志,卷十,教育門,修身書小學校用,p 918</note><note type="price">一圓</note><identifier type="mh">book_4551</identifier></mods>