<mods xmlns="http://www.loc.gov/mods/v3" xmlns:xsi="http://www.w3.org/2001/XMLSchema-instance" xmlns:xlink="http://www.w3.org/1999/xlink" version="3.6" xsi:schemaLocation="http://www.loc.gov/mods/v3 http://cluster-schemas.uni-hd.de/modsCluster.xsd" ID="uuid-04D0E01C-15D2-4873-B188-A4BCE3E646E6"><name type="personal" xlink:href=""><namePart lang="chi" script="Hant">鳥尾小彌太著</namePart><role><roleTerm type="text">author</roleTerm></role></name><titleInfo lang="chi" script="Hant"><title>佛道本論</title></titleInfo><note type="citation">日本書目志,卷三,宗教門,佛書,p 665</note><note type="price">五角</note><identifier type="mh">book_1759</identifier></mods>