<mods xmlns="http://www.loc.gov/mods/v3" xmlns:xsi="http://www.w3.org/2001/XMLSchema-instance" xmlns:xlink="http://www.w3.org/1999/xlink" version="3.6" xsi:schemaLocation="http://www.loc.gov/mods/v3 http://cluster-schemas.uni-hd.de/modsCluster.xsd" ID="uuid-0E62ACA4-AA7E-4FA6-9FAF-0B43A09FFE82"><name type="personal" xlink:href=""><namePart lang="chi" script="Hant">佐藤益太郎編輯</namePart><role><roleTerm type="text">author</roleTerm></role></name><titleInfo lang="chi" script="Hant"><title>續文機活法</title></titleInfo><note type="citation">日本書目志,卷十二,文字語言門,作文書,p 1037</note><note type="price">二角五分</note><identifier type="mh">book_6139</identifier></mods>