<mods xmlns="http://www.loc.gov/mods/v3" xmlns:xsi="http://www.w3.org/2001/XMLSchema-instance" xmlns:xlink="http://www.w3.org/1999/xlink" version="3.6" xsi:schemaLocation="http://www.loc.gov/mods/v3 http://cluster-schemas.uni-hd.de/modsCluster.xsd" ID="uuid-02BC0D80-0D08-4C25-8EF9-730E8143BFE9"><titleInfo lang="chi" script="Hant"><title>真田三代記</title></titleInfo><note type="citation">日本書目志,卷十四,小說門,小說,p 1183</note><note type="price">一元二角</note><identifier type="mh">book_8186</identifier></mods>