<mods xmlns="http://www.loc.gov/mods/v3" xmlns:xsi="http://www.w3.org/2001/XMLSchema-instance" xmlns:xlink="http://www.w3.org/1999/xlink" version="3.6" xsi:schemaLocation="http://www.loc.gov/mods/v3 http://cluster-schemas.uni-hd.de/modsCluster.xsd" ID="uuid-06C47476-8B58-4280-B7D0-D1DD85ACBC44"><titleInfo lang="chi" script="Hant"><title>農學經濟篇</title></titleInfo><note type="citation">增版東西學書錄,卷二,農政第六,農務,p 118</note><abstract type="summary"> 農學經濟篇二卷 農學報本   [日本]今關次郎著，[日本]古田森大郎譯。 [顧補]  </abstract><identifier type="mh">book_260</identifier></mods>