<mods xmlns="http://www.loc.gov/mods/v3" xmlns:xsi="http://www.w3.org/2001/XMLSchema-instance" xmlns:xlink="http://www.w3.org/1999/xlink" version="3.6" xsi:schemaLocation="http://www.loc.gov/mods/v3 http://cluster-schemas.uni-hd.de/modsCluster.xsd" ID="uuid-027ED8A6-4EA9-4109-AB25-0F26C13D16E8"><titleInfo lang="chi" script="Hant"><title>農業保險論</title></titleInfo><note type="citation">日本書目志,卷五,政治門,經濟學,p 765</note><note type="price">一圓五角</note><identifier type="mh">book_2981</identifier></mods>