<mods xmlns="http://www.loc.gov/mods/v3" xmlns:xsi="http://www.w3.org/2001/XMLSchema-instance" xmlns:xlink="http://www.w3.org/1999/xlink" version="3.6" xsi:schemaLocation="http://www.loc.gov/mods/v3 http://cluster-schemas.uni-hd.de/modsCluster.xsd" ID="uuid-05A21E1F-45B2-401D-AAA8-5F7A79C3AE16"><name type="personal" xlink:href=""><namePart lang="chi" script="Hant">久原躬弦</namePart><role><roleTerm type="text">author</roleTerm></role></name><titleInfo lang="chi" script="Hant"><title>農理學初步</title></titleInfo><note type="citation">日本書目志,卷七,農業門,農學總記,p 822</note><note type="price">三角</note><identifier type="mh">book_3610</identifier></mods>