<mods xmlns="http://www.loc.gov/mods/v3" xmlns:xsi="http://www.w3.org/2001/XMLSchema-instance" xmlns:xlink="http://www.w3.org/1999/xlink" version="3.6" xsi:schemaLocation="http://www.loc.gov/mods/v3 http://cluster-schemas.uni-hd.de/modsCluster.xsd" ID="uuid-07F6140A-E8AC-40EB-BA88-0178312D2CB7"><name type="personal" xlink:href=""><namePart lang="chi" script="Hant">各諸先生著</namePart><role><roleTerm type="text">author</roleTerm></role></name><titleInfo lang="chi" script="Hant"><title> 曲譜歌曲清國日本 清樂獨稽古</title></titleInfo><note type="citation">日本書目志,卷十三,美術門,音曲,p 1119</note><note type="price">一角五分</note><identifier type="mh">book_7287</identifier></mods>