<mods xmlns="http://www.loc.gov/mods/v3" xmlns:xsi="http://www.w3.org/2001/XMLSchema-instance" xmlns:xlink="http://www.w3.org/1999/xlink" version="3.6" xsi:schemaLocation="http://www.loc.gov/mods/v3 http://cluster-schemas.uni-hd.de/modsCluster.xsd" ID="uuid-070E2231-E843-4C6B-A564-CF7BF661205E"><name type="personal" xlink:href=""><namePart lang="chi" script="Hant">三遊亭圓生著</namePart><role><roleTerm type="text">author</roleTerm></role></name><titleInfo lang="chi" script="Hant"><title>友千鳥</title></titleInfo><note type="citation">日本書目志,卷十四,小說門,小說,p 1151</note><note type="price">一角</note><identifier type="mh">book_7703</identifier></mods>