<mods xmlns="http://www.loc.gov/mods/v3" xmlns:xsi="http://www.w3.org/2001/XMLSchema-instance" xmlns:xlink="http://www.w3.org/1999/xlink" version="3.6" xsi:schemaLocation="http://www.loc.gov/mods/v3 http://cluster-schemas.uni-hd.de/modsCluster.xsd" ID="uuid-0134BB72-62FF-4624-A4E9-3BFBA687238E"><titleInfo lang="chi" script="Hant"><title>親鸞上人一代記</title></titleInfo><note type="citation">日本書目志,卷十四,小說門,小說,p 1195</note><note type="price">五分</note><identifier type="mh">book_8363</identifier></mods>