<mods xmlns="http://www.loc.gov/mods/v3" xmlns:xsi="http://www.w3.org/2001/XMLSchema-instance" xmlns:xlink="http://www.w3.org/1999/xlink" version="3.6" xsi:schemaLocation="http://www.loc.gov/mods/v3 http://cluster-schemas.uni-hd.de/modsCluster.xsd" ID="uuid-01B3D40E-0D6F-432F-AD99-ADD0347F99E9"><name type="personal" xlink:href=""><namePart lang="chi" script="Hant">大審院</namePart><role><roleTerm type="text">author</roleTerm></role></name><titleInfo lang="chi" script="Hant"><title>大審院判決錄</title></titleInfo><note type="citation">日本書目志,卷六,法律門,判決例,p 802</note><identifier type="mh">book_3451</identifier></mods>