<mods xmlns="http://www.loc.gov/mods/v3" xmlns:xsi="http://www.w3.org/2001/XMLSchema-instance" xmlns:xlink="http://www.w3.org/1999/xlink" version="3.6" xsi:schemaLocation="http://www.loc.gov/mods/v3 http://cluster-schemas.uni-hd.de/modsCluster.xsd" ID="uuid-08429F57-FC4E-4A4A-8EA9-79CC11203797"><name type="personal" xlink:href=""><namePart lang="chi" script="Hant">岡田良策著</namePart><role><roleTerm type="text">author</roleTerm></role></name><titleInfo lang="chi" script="Hant"><title> 近世 名譽英雄傳</title></titleInfo><note type="citation">日本書目志,卷十四,小說門,小說,p 1188</note><note type="price">五分</note><identifier type="mh">book_8263</identifier></mods>