<mods xmlns="http://www.loc.gov/mods/v3" xmlns:xsi="http://www.w3.org/2001/XMLSchema-instance" xmlns:xlink="http://www.w3.org/1999/xlink" version="3.6" xsi:schemaLocation="http://www.loc.gov/mods/v3 http://cluster-schemas.uni-hd.de/modsCluster.xsd" ID="uuid-0638C74E-9D2C-4A8B-A44B-073CC4DE84AD"><titleInfo lang="chi" script="Hant"><title> 忠愛唱歌 將碁之盤</title></titleInfo><note type="citation">日本書目志,卷十一,文學門,唱歌集,p 995</note><note type="price">三分</note><identifier type="mh">book_5561</identifier></mods>