<mods xmlns="http://www.loc.gov/mods/v3" xmlns:xsi="http://www.w3.org/2001/XMLSchema-instance" xmlns:xlink="http://www.w3.org/1999/xlink" version="3.6" xsi:schemaLocation="http://www.loc.gov/mods/v3 http://cluster-schemas.uni-hd.de/modsCluster.xsd" ID="uuid-0435E091-B863-449F-9D5D-66F5D0FC14DA"><name type="personal" xlink:href=""><namePart lang="chi" script="Hant">南天粹史著</namePart><role><roleTerm type="text">author</roleTerm></role></name><titleInfo lang="chi" script="Hant"><title>北海道慘酷事件可憐兒</title></titleInfo><note type="citation">日本書目志,卷十四,小說門,小說,p 1148</note><note type="price">一角</note><identifier type="mh">book_7656</identifier></mods>