<mods xmlns="http://www.loc.gov/mods/v3" xmlns:xsi="http://www.w3.org/2001/XMLSchema-instance" xmlns:xlink="http://www.w3.org/1999/xlink" version="3.6" xsi:schemaLocation="http://www.loc.gov/mods/v3 http://cluster-schemas.uni-hd.de/modsCluster.xsd" ID="uuid-0563D293-DDDB-47C2-95FA-4E289A2E4ECD"><name type="personal" xlink:href=""><namePart lang="chi" script="Hant">元木綱大人編</namePart><role><roleTerm type="text">author</roleTerm></role></name><titleInfo lang="chi" script="Hant"><title>俳諧饒舌錄</title></titleInfo><note type="citation">日本書目志,卷十一,文學門,俳書及俳諧集,p 986</note><note type="price">三角</note><identifier type="mh">book_5427</identifier></mods>