<mods xmlns="http://www.loc.gov/mods/v3" xmlns:xsi="http://www.w3.org/2001/XMLSchema-instance" xmlns:xlink="http://www.w3.org/1999/xlink" version="3.6" xsi:schemaLocation="http://www.loc.gov/mods/v3 http://cluster-schemas.uni-hd.de/modsCluster.xsd" ID="uuid-08527396-9943-4416-AE9C-C35AC438C5D2"><name type="personal" xlink:href=""><namePart lang="chi" script="Hant">田村仁平著</namePart><role><roleTerm type="text">author</roleTerm></role></name><titleInfo lang="chi" script="Hant"><title>農業自得</title></titleInfo><note type="citation">日本書目志,卷七,農業門,農學總記,p 822</note><note type="price">三角五分</note><identifier type="mh">book_3621</identifier></mods>