<mods xmlns="http://www.loc.gov/mods/v3" xmlns:xsi="http://www.w3.org/2001/XMLSchema-instance" xmlns:xlink="http://www.w3.org/1999/xlink" version="3.6" xsi:schemaLocation="http://www.loc.gov/mods/v3 http://cluster-schemas.uni-hd.de/modsCluster.xsd" ID="uuid-0C53C7E9-3643-4212-8071-9D987E0FAAB2"><name type="personal" xlink:href=""><namePart lang="chi" script="Hant">酒井捨彥編纂</namePart><role><roleTerm type="text">author</roleTerm></role></name><titleInfo lang="chi" script="Hant"><title>萬國暗射指南譜 小學校用 </title></titleInfo><note type="citation">日本書目志,卷四,圖史門,地圖小學校用,p 687</note><note type="price">八角</note><identifier type="mh">book_2012</identifier></mods>