<mods xmlns="http://www.loc.gov/mods/v3" xmlns:xsi="http://www.w3.org/2001/XMLSchema-instance" xmlns:xlink="http://www.w3.org/1999/xlink" version="3.6" xsi:schemaLocation="http://www.loc.gov/mods/v3 http://cluster-schemas.uni-hd.de/modsCluster.xsd" ID="uuid-097F34D0-E3D9-4E2C-9A0D-6949E8C7F030"><name type="personal" xlink:href=""><namePart lang="chi" script="Hant">杉山三郎、依田貞繼同選</namePart><role><roleTerm type="text">author</roleTerm></role></name><titleInfo lang="chi" script="Hant"><title>墨水廿四景記</title></titleInfo><note type="citation">日本書目志,卷四,圖史門,名所記,p 733</note><note type="price">四角</note><identifier type="mh">book_2643</identifier></mods>