<mods xmlns="http://www.loc.gov/mods/v3" xmlns:xsi="http://www.w3.org/2001/XMLSchema-instance" xmlns:xlink="http://www.w3.org/1999/xlink" version="3.6" xsi:schemaLocation="http://www.loc.gov/mods/v3 http://cluster-schemas.uni-hd.de/modsCluster.xsd" ID="uuid-0C7883A4-1014-4C3E-8A74-CEE3D8D64312"><titleInfo lang="chi" script="Hant"><title>大久保彥左衛門一代記</title></titleInfo><note type="citation">日本書目志,卷十四,小說門,小說,p 1156</note><note type="price">四分</note><identifier type="mh">book_7783</identifier></mods>