<mods xmlns="http://www.loc.gov/mods/v3" xmlns:xsi="http://www.w3.org/2001/XMLSchema-instance" xmlns:xlink="http://www.w3.org/1999/xlink" version="3.6" xsi:schemaLocation="http://www.loc.gov/mods/v3 http://cluster-schemas.uni-hd.de/modsCluster.xsd" ID="uuid-0D6448C5-16CC-4AF9-B92C-3C532697B996"><name type="personal" xlink:href=""><namePart lang="chi" script="Hant">上田維曉編輯</namePart><role><roleTerm type="text">author</roleTerm></role></name><titleInfo lang="chi" script="Hant"><title>類題近世和歌集</title></titleInfo><note type="citation">日本書目志,卷十一,文學門,歌集,p 979</note><note type="price">二角五分</note><identifier type="mh">book_5321</identifier></mods>