<mods xmlns="http://www.loc.gov/mods/v3" xmlns:xsi="http://www.w3.org/2001/XMLSchema-instance" xmlns:xlink="http://www.w3.org/1999/xlink" version="3.6" xsi:schemaLocation="http://www.loc.gov/mods/v3 http://cluster-schemas.uni-hd.de/modsCluster.xsd" ID="uuid-02941EEF-9A5E-4E93-B3D7-88F2A89F8001"><name type="personal" xlink:href=""><namePart lang="chi" script="Hant">林信廣編輯</namePart><role><roleTerm type="text">author</roleTerm></role></name><titleInfo lang="chi" script="Hant"><title>尋常讀本字解</title></titleInfo><note type="citation">日本書目志,卷十二,文字語言門,讀書字類,p 1084</note><note type="price">一角</note><identifier type="mh">book_6821</identifier></mods>