<mods xmlns="http://www.loc.gov/mods/v3" xmlns:xsi="http://www.w3.org/2001/XMLSchema-instance" xmlns:xlink="http://www.w3.org/1999/xlink" version="3.6" xsi:schemaLocation="http://www.loc.gov/mods/v3 http://cluster-schemas.uni-hd.de/modsCluster.xsd" ID="uuid-0393A92E-F412-4E4B-8659-0216A52A6B21"><titleInfo lang="chi" script="Hant"><title>女用文小倉錦</title></titleInfo><note type="citation">日本書目志,卷十二,文字語言門,女用文章,p 1056</note><note type="price">一角五分</note><identifier type="mh">book_6411</identifier></mods>