<mods xmlns="http://www.loc.gov/mods/v3" xmlns:xsi="http://www.w3.org/2001/XMLSchema-instance" xmlns:xlink="http://www.w3.org/1999/xlink" version="3.6" xsi:schemaLocation="http://www.loc.gov/mods/v3 http://cluster-schemas.uni-hd.de/modsCluster.xsd" ID="uuid-0279C943-3EB1-4603-BB55-D7D9DBAD8844"><name type="personal" xlink:href=""><namePart lang="chi" script="Hant">故中野其明著</namePart><role><roleTerm type="text">author</roleTerm></role></name><titleInfo lang="chi" script="Hant"><title>尾形流印譜</title></titleInfo><note type="citation">日本書目志,卷十三,美術門,書法及墨場書,p 1110</note><note type="price">二角</note><identifier type="mh">book_7153</identifier></mods>