<mods xmlns="http://www.loc.gov/mods/v3" xmlns:xsi="http://www.w3.org/2001/XMLSchema-instance" xmlns:xlink="http://www.w3.org/1999/xlink" version="3.6" xsi:schemaLocation="http://www.loc.gov/mods/v3 http://cluster-schemas.uni-hd.de/modsCluster.xsd" ID="uuid-04311FA3-16DC-472B-A361-F8F49D771F06"><titleInfo lang="chi" script="Hant"><title> 前將軍繪物語 葵之嫩葉 附《慶喜公小傳》 </title></titleInfo><note type="citation">日本書目志,卷十四,小說門,小說,p 1180</note><note type="price">一角</note><identifier type="mh">book_8145</identifier></mods>