<mods xmlns="http://www.loc.gov/mods/v3" xmlns:xsi="http://www.w3.org/2001/XMLSchema-instance" xmlns:xlink="http://www.w3.org/1999/xlink" version="3.6" xsi:schemaLocation="http://www.loc.gov/mods/v3 http://cluster-schemas.uni-hd.de/modsCluster.xsd" ID="uuid-0893A1AF-8DB5-46FA-ADF0-73D6F1333377"><name type="personal" xlink:href=""><namePart lang="chi" script="Hant">安積五郎、田中登作同著</namePart><role><roleTerm type="text">author</roleTerm></role></name><titleInfo lang="chi" script="Hant"><title>國民修身書 高等小學生徒用 </title></titleInfo><note type="citation">日本書目志,卷十,教育門,修身書小學校用,p 917</note><note type="price">九角六分</note><identifier type="mh">book_4534</identifier></mods>