<mods xmlns="http://www.loc.gov/mods/v3" xmlns:xsi="http://www.w3.org/2001/XMLSchema-instance" xmlns:xlink="http://www.w3.org/1999/xlink" version="3.6" xsi:schemaLocation="http://www.loc.gov/mods/v3 http://cluster-schemas.uni-hd.de/modsCluster.xsd" ID="uuid-09B5F476-772C-4504-981A-864331A7D2FF"><name type="personal" xlink:href=""><namePart lang="chi" script="Hant">加藤高文著</namePart><role><roleTerm type="text">author</roleTerm></role></name><titleInfo lang="chi" script="Hant"><title>標註古事記讀本</title></titleInfo><note type="citation">日本書目志,卷四,圖史門,日本史,p 704</note><note type="price">五角</note><identifier type="mh">book_2235</identifier></mods>