<mods xmlns="http://www.loc.gov/mods/v3" xmlns:xsi="http://www.w3.org/2001/XMLSchema-instance" xmlns:xlink="http://www.w3.org/1999/xlink" version="3.6" xsi:schemaLocation="http://www.loc.gov/mods/v3 http://cluster-schemas.uni-hd.de/modsCluster.xsd" ID="uuid-0A5AAFCA-3A74-4AEC-A235-4BAE8F358652"><name type="personal" xlink:href=""><namePart lang="chi" script="Hant">橫山由清編輯</namePart><role><roleTerm type="text">author</roleTerm></role></name><titleInfo lang="chi" script="Hant"><title>尚古圖錄</title></titleInfo><note type="citation">日本書目志,卷四,圖史門,本邦歷史考證,p 727</note><note type="price">二圓</note><identifier type="mh">book_2560</identifier></mods>