<mods xmlns="http://www.loc.gov/mods/v3" xmlns:xsi="http://www.w3.org/2001/XMLSchema-instance" xmlns:xlink="http://www.w3.org/1999/xlink" version="3.6" xsi:schemaLocation="http://www.loc.gov/mods/v3 http://cluster-schemas.uni-hd.de/modsCluster.xsd" ID="uuid-02BA11C3-7A24-4D96-B87D-750D4EE11E1B"><name type="personal" xlink:href=""><namePart lang="chi" script="Hant">松榮堂</namePart><role><roleTerm type="text">author</roleTerm></role></name><titleInfo lang="chi" script="Hant"><title>御嶽山肝用集</title></titleInfo><note type="citation">日本書目志,卷三,宗教門,神道書,p 667</note><note type="price">六分</note><identifier type="mh">book_1791</identifier></mods>