<mods xmlns="http://www.loc.gov/mods/v3" xmlns:xsi="http://www.w3.org/2001/XMLSchema-instance" xmlns:xlink="http://www.w3.org/1999/xlink" version="3.6" xsi:schemaLocation="http://www.loc.gov/mods/v3 http://cluster-schemas.uni-hd.de/modsCluster.xsd" ID="uuid-061DB8AD-E308-4939-A5DA-008001EF6B8C"><name type="personal" xlink:href=""><namePart lang="chi" script="Hant">西川麻五郎纂著</namePart><role><roleTerm type="text">author</roleTerm></role></name><titleInfo lang="chi" script="Hant"><title> 《勸農叢書》 麥酒釀造法</title></titleInfo><note type="citation">日本書目志,卷八,工業門,釀造書,p 884</note><note type="price">二角五分</note><identifier type="mh">book_4204</identifier></mods>