<mods xmlns="http://www.loc.gov/mods/v3" xmlns:xsi="http://www.w3.org/2001/XMLSchema-instance" xmlns:xlink="http://www.w3.org/1999/xlink" version="3.6" xsi:schemaLocation="http://www.loc.gov/mods/v3 http://cluster-schemas.uni-hd.de/modsCluster.xsd" ID="uuid-086F2DAD-EBC9-4D89-89C2-53361503C51E"><titleInfo lang="chi" script="Hant"><title>體質窮源</title></titleInfo><note type="citation">增版東西學書錄,卷四,醫學第二十三,內科,p 242</note><abstract type="summary"> 體質窮源　卷  [　] </abstract><identifier type="mh">book_736</identifier></mods>