<mods xmlns="http://www.loc.gov/mods/v3" xmlns:xsi="http://www.w3.org/2001/XMLSchema-instance" xmlns:xlink="http://www.w3.org/1999/xlink" version="3.6" xsi:schemaLocation="http://www.loc.gov/mods/v3 http://cluster-schemas.uni-hd.de/modsCluster.xsd" ID="uuid-0B5A56CA-3848-4613-805E-FE7F3C8398CE"><titleInfo lang="chi" script="Hant"><title>拔萃通俗三國誌</title></titleInfo><note type="citation">日本書目志,卷十四,小說門,小說,p 1145</note><note type="price">二角</note><identifier type="mh">book_7618</identifier></mods>