<mods xmlns="http://www.loc.gov/mods/v3" xmlns:xsi="http://www.w3.org/2001/XMLSchema-instance" xmlns:xlink="http://www.w3.org/1999/xlink" version="3.6" xsi:schemaLocation="http://www.loc.gov/mods/v3 http://cluster-schemas.uni-hd.de/modsCluster.xsd" ID="uuid-0BC13AA4-BC25-4D3B-9806-1D004C2113C1"><name type="personal" xlink:href=""><namePart lang="chi" script="Hant">林吾一編</namePart><role><roleTerm type="text">author</roleTerm></role></name><titleInfo lang="chi" script="Hant"><title> 新撰 小學習字帖教授法 小學校用 </title></titleInfo><note type="citation">日本書目志,卷十一,文學門,習字帖小學校用,p 1019</note><note type="price">六分</note><identifier type="mh">book_5904</identifier></mods>