<mods xmlns="http://www.loc.gov/mods/v3" xmlns:xsi="http://www.w3.org/2001/XMLSchema-instance" xmlns:xlink="http://www.w3.org/1999/xlink" version="3.6" xsi:schemaLocation="http://www.loc.gov/mods/v3 http://cluster-schemas.uni-hd.de/modsCluster.xsd" ID="uuid-071800C0-497F-4B18-B689-651C81EDF2AC"><name type="personal" xlink:href=""><namePart lang="chi" script="Hant">勸農局藏板</namePart><role><roleTerm type="text">author</roleTerm></role></name><titleInfo lang="chi" script="Hant"><title>杞柳栽培製造法</title></titleInfo><note type="citation">日本書目志,卷七,農業門,圃業書,p 839</note><note type="price">一角二分五釐</note><identifier type="mh">book_3760</identifier></mods>