<mods xmlns="http://www.loc.gov/mods/v3" xmlns:xsi="http://www.w3.org/2001/XMLSchema-instance" xmlns:xlink="http://www.w3.org/1999/xlink" version="3.6" xsi:schemaLocation="http://www.loc.gov/mods/v3 http://cluster-schemas.uni-hd.de/modsCluster.xsd" ID="uuid-01175F6C-4732-44E0-821E-026CB7F40128"><name type="personal" xlink:href=""><namePart lang="chi" script="Hant">學友館編輯</namePart><role><roleTerm type="text">author</roleTerm></role></name><titleInfo lang="chi" script="Hant"><title> 尊王愛國 菅公美談</title></titleInfo><note type="citation">日本書目志,卷十四,小說門,小說,p 1203</note><note type="price">八分</note><identifier type="mh">book_8487</identifier></mods>