<mods xmlns="http://www.loc.gov/mods/v3" xmlns:xsi="http://www.w3.org/2001/XMLSchema-instance" xmlns:xlink="http://www.w3.org/1999/xlink" version="3.6" xsi:schemaLocation="http://www.loc.gov/mods/v3 http://cluster-schemas.uni-hd.de/modsCluster.xsd" ID="uuid-0B85E364-FF3C-48AA-9513-CA74DD9B1C4E"><name type="personal" xlink:href=""><namePart lang="chi" script="Hant">山田董編</namePart><role><roleTerm type="text">author</roleTerm></role></name><titleInfo lang="chi" script="Hant"><title>無機化學粹</title></titleInfo><note type="citation">日本書目志,卷二,理學門,化學,p 633</note><note type="price">七角五分</note><identifier type="mh">book_1411</identifier></mods>