<mods xmlns="http://www.loc.gov/mods/v3" xmlns:xsi="http://www.w3.org/2001/XMLSchema-instance" xmlns:xlink="http://www.w3.org/1999/xlink" version="3.6" xsi:schemaLocation="http://www.loc.gov/mods/v3 http://cluster-schemas.uni-hd.de/modsCluster.xsd" ID="uuid-09DC76D5-6C16-4692-A596-A49651AE76BB"><name type="personal" xlink:href=""><namePart lang="chi" script="Hant">辻敬之撰</namePart><role><roleTerm type="text">author</roleTerm></role></name><titleInfo lang="chi" script="Hant"><title> 尋常小學校用 修身書掛圖</title></titleInfo><note type="citation">日本書目志,卷十,教育門,修身書小學校用,p 921</note><note type="price">三圓六角</note><identifier type="mh">book_4595</identifier></mods>