<mods xmlns="http://www.loc.gov/mods/v3" xmlns:xsi="http://www.w3.org/2001/XMLSchema-instance" xmlns:xlink="http://www.w3.org/1999/xlink" version="3.6" xsi:schemaLocation="http://www.loc.gov/mods/v3 http://cluster-schemas.uni-hd.de/modsCluster.xsd" ID="uuid-072CBB7E-62E7-471D-87E9-2BAE19562D3E"><titleInfo lang="chi" script="Hant"><title>繪入幼年讀本 《幼年全書》第五編 </title></titleInfo><note type="citation">日本書目志,卷十,教育門,少年教育書,p 956</note><note type="price">一角</note><identifier type="mh">book_5043</identifier></mods>