<mods xmlns="http://www.loc.gov/mods/v3" xmlns:xsi="http://www.w3.org/2001/XMLSchema-instance" xmlns:xlink="http://www.w3.org/1999/xlink" version="3.6" xsi:schemaLocation="http://www.loc.gov/mods/v3 http://cluster-schemas.uni-hd.de/modsCluster.xsd" ID="uuid-008F2FE9-20F6-4117-BEB5-CF09D5D129B3"><name type="personal" xlink:href=""><namePart lang="chi" script="Hant">溪齋畫</namePart><role><roleTerm type="text">author</roleTerm></role></name><titleInfo lang="chi" script="Hant"><title>繪本水滸傳</title></titleInfo><note type="citation">日本書目志,卷十三,美術門,繪畫書,p 1102</note><note type="price">七角</note><identifier type="mh">book_7044</identifier></mods>