<mods xmlns="http://www.loc.gov/mods/v3" xmlns:xsi="http://www.w3.org/2001/XMLSchema-instance" xmlns:xlink="http://www.w3.org/1999/xlink" version="3.6" xsi:schemaLocation="http://www.loc.gov/mods/v3 http://cluster-schemas.uni-hd.de/modsCluster.xsd" ID="uuid-02D74907-8BE2-4F65-8DB1-470D857A4D16"><name type="personal" xlink:href=""><namePart lang="chi" script="Hant">西村正三郎著</namePart><role><roleTerm type="text">author</roleTerm></role></name><titleInfo lang="chi" script="Hant"><title>歌謠教育論</title></titleInfo><note type="citation">日本書目志,卷十,教育門,教育學書,p 927</note><note type="price">三角</note><identifier type="mh">book_4678</identifier></mods>