<mods xmlns="http://www.loc.gov/mods/v3" xmlns:xsi="http://www.w3.org/2001/XMLSchema-instance" xmlns:xlink="http://www.w3.org/1999/xlink" version="3.6" xsi:schemaLocation="http://www.loc.gov/mods/v3 http://cluster-schemas.uni-hd.de/modsCluster.xsd" ID="uuid-0AB62AD7-836F-40D2-B99C-2A5CD8B02A43"><name type="personal" xlink:href=""><namePart lang="chi" script="Hant">山林局藏板</namePart><role><roleTerm type="text">author</roleTerm></role></name><titleInfo lang="chi" script="Hant"><title>樹林學講義</title></titleInfo><note type="citation">日本書目志,卷七,農業門,林木書,p 841</note><note type="price">二圓二角五分</note><identifier type="mh">book_3770</identifier></mods>