<mods xmlns="http://www.loc.gov/mods/v3" xmlns:xsi="http://www.w3.org/2001/XMLSchema-instance" xmlns:xlink="http://www.w3.org/1999/xlink" version="3.6" xsi:schemaLocation="http://www.loc.gov/mods/v3 http://cluster-schemas.uni-hd.de/modsCluster.xsd" ID="uuid-0217163B-AED7-47B2-B7DD-C140546F67EA"><name type="personal" xlink:href=""><namePart lang="chi" script="Hant">今井蠖堂著</namePart><role><roleTerm type="text">author</roleTerm></role></name><titleInfo lang="chi" script="Hant"><title> 著者行曲 蠖堂遺稿</title></titleInfo><note type="citation">日本書目志,卷十一,文學門,詩集,p 971</note><note type="price">六角</note><identifier type="mh">book_5210</identifier></mods>