<mods xmlns="http://www.loc.gov/mods/v3" xmlns:xsi="http://www.w3.org/2001/XMLSchema-instance" xmlns:xlink="http://www.w3.org/1999/xlink" version="3.6" xsi:schemaLocation="http://www.loc.gov/mods/v3 http://cluster-schemas.uni-hd.de/modsCluster.xsd" ID="uuid-08D69523-8217-4B62-9791-B69A166054EE"><name type="personal" xlink:href=""><namePart lang="chi" script="Hant">橋瓜法學士、織田法學士著</namePart><role><roleTerm type="text">author</roleTerm></role></name><titleInfo lang="chi" script="Hant"><title>國法學國債論 合本 </title></titleInfo><note type="citation">日本書目志,卷六,法律門,國法學,p 782</note><note type="price">二角</note><identifier type="mh">book_3166</identifier></mods>