<mods xmlns="http://www.loc.gov/mods/v3" xmlns:xsi="http://www.w3.org/2001/XMLSchema-instance" xmlns:xlink="http://www.w3.org/1999/xlink" version="3.6" xsi:schemaLocation="http://www.loc.gov/mods/v3 http://cluster-schemas.uni-hd.de/modsCluster.xsd" ID="uuid-0C0520E7-85A4-456F-9005-47A7F60D469E"><name type="personal" xlink:href=""><namePart lang="chi" script="Hant">岩本吾一編</namePart><role><roleTerm type="text">author</roleTerm></role></name><titleInfo lang="chi" script="Hant"><title>滑稽諷世咄評誌</title></titleInfo><note type="citation">日本書目志,卷十四,小說門,小說,p 1176</note><note type="price">一角</note><identifier type="mh">book_8086</identifier></mods>