<mods xmlns="http://www.loc.gov/mods/v3" xmlns:xsi="http://www.w3.org/2001/XMLSchema-instance" xmlns:xlink="http://www.w3.org/1999/xlink" version="3.6" xsi:schemaLocation="http://www.loc.gov/mods/v3 http://cluster-schemas.uni-hd.de/modsCluster.xsd" ID="uuid-0CE8FB43-3D3B-4889-953D-D9B8195E68D8"><name type="personal" xlink:href=""><namePart lang="chi" script="Hant">伯爵勝安芳著</namePart><role><roleTerm type="text">author</roleTerm></role></name><titleInfo lang="chi" script="Hant"><title>流芳遺墨</title></titleInfo><note type="citation">日本書目志,卷十三,美術門,書畫類,p 1107</note><note type="price">一圓五角</note><identifier type="mh">book_7119</identifier></mods>