<mods xmlns="http://www.loc.gov/mods/v3" xmlns:xsi="http://www.w3.org/2001/XMLSchema-instance" xmlns:xlink="http://www.w3.org/1999/xlink" version="3.6" xsi:schemaLocation="http://www.loc.gov/mods/v3 http://cluster-schemas.uni-hd.de/modsCluster.xsd" ID="uuid-0A8E4B01-382E-4F65-9FEA-833BFBC215AB"><name type="personal" xlink:href=""><namePart lang="chi" script="Hant">橘雲峨畫</namePart><role><roleTerm type="text">author</roleTerm></role></name><titleInfo lang="chi" script="Hant"><title>萬象畫譜</title></titleInfo><note type="citation">日本書目志,卷十三,美術門,繪畫書,p 1103</note><note type="price">二角</note><identifier type="mh">book_7057</identifier></mods>