<mods xmlns="http://www.loc.gov/mods/v3" xmlns:xsi="http://www.w3.org/2001/XMLSchema-instance" xmlns:xlink="http://www.w3.org/1999/xlink" version="3.6" xsi:schemaLocation="http://www.loc.gov/mods/v3 http://cluster-schemas.uni-hd.de/modsCluster.xsd" ID="uuid-02159D27-F0FD-4A2A-ADCF-8087477B9743"><name type="personal" xlink:href=""><namePart lang="chi" script="Hant">生田目徑德編</namePart><role><roleTerm type="text">author</roleTerm></role></name><titleInfo lang="chi" script="Hant"><title>日本修身讀本 高等科 </title></titleInfo><note type="citation">日本書目志,卷十,教育門,修身書小學校用,p 915</note><identifier type="mh">book_4505</identifier></mods>