<mods xmlns="http://www.loc.gov/mods/v3" xmlns:xsi="http://www.w3.org/2001/XMLSchema-instance" xmlns:xlink="http://www.w3.org/1999/xlink" version="3.6" xsi:schemaLocation="http://www.loc.gov/mods/v3 http://cluster-schemas.uni-hd.de/modsCluster.xsd" ID="uuid-0CE76B4A-2291-4E7F-A929-548EB8918AC0"><name type="personal" xlink:href=""><namePart lang="chi" script="Hant">三屋大五郎編　藤井忠弘畫</namePart><role><roleTerm type="text">author</roleTerm></role></name><titleInfo lang="chi" script="Hant"><title> 訂正 毛筆臨畫帖 尋常科高等科用 </title></titleInfo><note type="citation">日本書目志,卷十三,美術門,畫手本學校用,p 1114</note><note type="price">一圓三角五</note><identifier type="mh">book_7223</identifier></mods>