<mods xmlns="http://www.loc.gov/mods/v3" xmlns:xsi="http://www.w3.org/2001/XMLSchema-instance" xmlns:xlink="http://www.w3.org/1999/xlink" version="3.6" xsi:schemaLocation="http://www.loc.gov/mods/v3 http://cluster-schemas.uni-hd.de/modsCluster.xsd" ID="uuid-07DC8F60-BED5-47E7-8D86-307CC3316A7E"><name type="personal" xlink:href=""><namePart lang="chi" script="Hant">海野力太郎著</namePart><role><roleTerm type="text">author</roleTerm></role></name><titleInfo lang="chi" script="Hant"><title> 新版 罫線學</title></titleInfo><note type="citation">日本書目志,卷九,商業門,簿記書,p 901</note><note type="price">二角五分</note><identifier type="mh">book_4361</identifier></mods>