<mods xmlns="http://www.loc.gov/mods/v3" xmlns:xsi="http://www.w3.org/2001/XMLSchema-instance" xmlns:xlink="http://www.w3.org/1999/xlink" version="3.6" xsi:schemaLocation="http://www.loc.gov/mods/v3 http://cluster-schemas.uni-hd.de/modsCluster.xsd" ID="uuid-0C8D140C-2BCF-4D0E-8BAB-75171BD206D6"><name type="personal" xlink:href=""><namePart lang="chi" script="Hant">岡村增太郎著</namePart><role><roleTerm type="text">author</roleTerm></role></name><titleInfo lang="chi" script="Hant"><title> 高等小學 修身教科書 生徒用 </title></titleInfo><note type="citation">日本書目志,卷十,教育門,修身書小學校用,p 920</note><note type="price">四角七分</note><identifier type="mh">book_4586</identifier></mods>