<mods xmlns="http://www.loc.gov/mods/v3" xmlns:xsi="http://www.w3.org/2001/XMLSchema-instance" xmlns:xlink="http://www.w3.org/1999/xlink" version="3.6" xsi:schemaLocation="http://www.loc.gov/mods/v3 http://cluster-schemas.uni-hd.de/modsCluster.xsd" ID="uuid-0E9A3209-89D0-4F51-807B-D1287FEABB3B"><titleInfo lang="chi" script="Hant"><title>蘭崖畫譜</title></titleInfo><note type="citation">日本書目志,卷十三,美術門,繪畫書,p 1095</note><note type="price">二角</note><identifier type="mh">book_6943</identifier></mods>