<mods xmlns="http://www.loc.gov/mods/v3" xmlns:xsi="http://www.w3.org/2001/XMLSchema-instance" xmlns:xlink="http://www.w3.org/1999/xlink" version="3.6" xsi:schemaLocation="http://www.loc.gov/mods/v3 http://cluster-schemas.uni-hd.de/modsCluster.xsd" ID="uuid-072228CF-6C5A-45C4-9CC0-7AF174AFFA47"><name type="personal" xlink:href=""><namePart lang="chi" script="Hant">織田純一郎譯述</namePart><role><roleTerm type="text">author</roleTerm></role></name><titleInfo lang="chi" script="Hant"><title> 歐洲記事 花柳春話</title></titleInfo><note type="citation">日本書目志,卷十四,小說門,小說,p 1159</note><note type="price">八角</note><identifier type="mh">book_7818</identifier></mods>