<mods xmlns="http://www.loc.gov/mods/v3" xmlns:xsi="http://www.w3.org/2001/XMLSchema-instance" xmlns:xlink="http://www.w3.org/1999/xlink" version="3.6" xsi:schemaLocation="http://www.loc.gov/mods/v3 http://cluster-schemas.uni-hd.de/modsCluster.xsd" ID="uuid-01D228C6-1449-4154-B531-0380C869FAC9"><name type="personal" xlink:href=""><namePart lang="chi" script="Hant">大館熙編輯</namePart><role><roleTerm type="text">author</roleTerm></role></name><titleInfo lang="chi" script="Hant"><title>日本政記纂語講義 附大日本歷代沿革地圖 </title></titleInfo><note type="citation">日本書目志,卷十二,文字語言門,讀書字類,p 1078</note><note type="price">三角五分</note><identifier type="mh">book_6729</identifier></mods>