<mods xmlns="http://www.loc.gov/mods/v3" xmlns:xsi="http://www.w3.org/2001/XMLSchema-instance" xmlns:xlink="http://www.w3.org/1999/xlink" version="3.6" xsi:schemaLocation="http://www.loc.gov/mods/v3 http://cluster-schemas.uni-hd.de/modsCluster.xsd" ID="uuid-097CCC56-08DD-48B1-98D7-3384C86DE3CF"><titleInfo lang="chi" script="Hant"><title>近世奇蹟考 《溫知叢書》第八編之內 </title></titleInfo><note type="citation">日本書目志,卷十四,小說門,小說,p 1211</note><note type="price">二角五分</note><identifier type="mh">book_8598</identifier></mods>