<mods xmlns="http://www.loc.gov/mods/v3" xmlns:xsi="http://www.w3.org/2001/XMLSchema-instance" xmlns:xlink="http://www.w3.org/1999/xlink" version="3.6" xsi:schemaLocation="http://www.loc.gov/mods/v3 http://cluster-schemas.uni-hd.de/modsCluster.xsd" ID="uuid-0E88108A-AC6F-4926-92CF-4A1293E811EB"><name type="personal" xlink:href=""><namePart lang="chi" script="Hant">岩本善治譯</namePart><role><roleTerm type="text">author</roleTerm></role></name><titleInfo lang="chi" script="Hant"><title>女之未來</title></titleInfo><note type="citation">日本書目志,卷五,政治門,風俗書,p 762</note><note type="price">一角</note><identifier type="mh">book_2946</identifier></mods>