<mods xmlns="http://www.loc.gov/mods/v3" xmlns:xsi="http://www.w3.org/2001/XMLSchema-instance" xmlns:xlink="http://www.w3.org/1999/xlink" version="3.6" xsi:schemaLocation="http://www.loc.gov/mods/v3 http://cluster-schemas.uni-hd.de/modsCluster.xsd" ID="uuid-06DB61B2-DAC2-4FC1-A629-808FAE2E214A"><name type="personal" xlink:href=""><namePart lang="chi" script="Hant">僧正坊編輯</namePart><role><roleTerm type="text">author</roleTerm></role></name><titleInfo lang="chi" script="Hant"><title>博識天狗</title></titleInfo><note type="citation">日本書目志,卷十三,美術門,遊戲書,p 1124</note><note type="price">二角</note><identifier type="mh">book_7351</identifier></mods>