<mods xmlns="http://www.loc.gov/mods/v3" xmlns:xsi="http://www.w3.org/2001/XMLSchema-instance" xmlns:xlink="http://www.w3.org/1999/xlink" version="3.6" xsi:schemaLocation="http://www.loc.gov/mods/v3 http://cluster-schemas.uni-hd.de/modsCluster.xsd" ID="uuid-0C3EFD84-C5C6-4F33-9A26-014E4DDB8CD7"><name type="personal" xlink:href=""><namePart lang="chi" script="Hant">日下部三之介編輯</namePart><role><roleTerm type="text">author</roleTerm></role></name><titleInfo lang="chi" script="Hant"><title> 高等小學教科用 女子修身訓</title></titleInfo><note type="citation">日本書目志,卷十,教育門,修身書小學校用,p 917</note><note type="price">五角六分</note><identifier type="mh">book_4546</identifier></mods>