<mods xmlns="http://www.loc.gov/mods/v3" xmlns:xsi="http://www.w3.org/2001/XMLSchema-instance" xmlns:xlink="http://www.w3.org/1999/xlink" version="3.6" xsi:schemaLocation="http://www.loc.gov/mods/v3 http://cluster-schemas.uni-hd.de/modsCluster.xsd" ID="uuid-087568B7-EC4A-4D08-9BD4-CBED0488B6B9"><titleInfo lang="chi" script="Hant"><title>古錢價錄</title></titleInfo><note type="citation">日本書目志,卷五,政治門,經濟學,p 769</note><note type="price">六分</note><identifier type="mh">book_3033</identifier></mods>