<mods xmlns="http://www.loc.gov/mods/v3" xmlns:xsi="http://www.w3.org/2001/XMLSchema-instance" xmlns:xlink="http://www.w3.org/1999/xlink" version="3.6" xsi:schemaLocation="http://www.loc.gov/mods/v3 http://cluster-schemas.uni-hd.de/modsCluster.xsd" ID="uuid-08F38A69-86D7-4CED-96AF-4773C9D8F0BE"><name type="personal" xlink:href=""><namePart lang="chi" script="Hant">安藤正胤譯</namePart><role><roleTerm type="text">author</roleTerm></role></name><titleInfo lang="chi" script="Hant"><title>簡明婦人病論</title></titleInfo><note type="citation">日本書目志,卷一,生理門,婦人科學,p 613</note><note type="price">一圓一角</note><identifier type="mh">book_1207</identifier></mods>