<mods xmlns="http://www.loc.gov/mods/v3" xmlns:xsi="http://www.w3.org/2001/XMLSchema-instance" xmlns:xlink="http://www.w3.org/1999/xlink" version="3.6" xsi:schemaLocation="http://www.loc.gov/mods/v3 http://cluster-schemas.uni-hd.de/modsCluster.xsd" ID="uuid-08159FE0-1316-4E57-A212-C6AD56C0C852"><name type="personal" xlink:href=""><namePart lang="chi" script="Hant">堀口義三著</namePart><role><roleTerm type="text">author</roleTerm></role></name><titleInfo lang="chi" script="Hant"><title>商業簿記教科書</title></titleInfo><note type="citation">日本書目志,卷九,商業門,簿記書,p 900</note><note type="price">一角八分</note><identifier type="mh">book_4354</identifier></mods>