<mods xmlns="http://www.loc.gov/mods/v3" xmlns:xsi="http://www.w3.org/2001/XMLSchema-instance" xmlns:xlink="http://www.w3.org/1999/xlink" version="3.6" xsi:schemaLocation="http://www.loc.gov/mods/v3 http://cluster-schemas.uni-hd.de/modsCluster.xsd" ID="uuid-0842972F-C684-4C84-A37D-A25D3CF4A48E"><name type="personal" xlink:href=""><namePart lang="chi" script="Hant">松浦琴鶴著</namePart><role><roleTerm type="text">author</roleTerm></role></name><titleInfo lang="chi" script="Hant"><title>方鑑秘傳集</title></titleInfo><note type="citation">日本書目志,卷十三,美術門,方鑑書,p 1136</note><note type="price">二角五分</note><identifier type="mh">book_7509</identifier></mods>