<mods xmlns="http://www.loc.gov/mods/v3" xmlns:xsi="http://www.w3.org/2001/XMLSchema-instance" xmlns:xlink="http://www.w3.org/1999/xlink" version="3.6" xsi:schemaLocation="http://www.loc.gov/mods/v3 http://cluster-schemas.uni-hd.de/modsCluster.xsd" ID="uuid-0726ADB6-D9B0-42C6-821D-A7263ACF25E0"><titleInfo lang="chi" script="Hant"><title>作文捷徑</title></titleInfo><note type="citation">日本書目志,卷十二,文字語言門,用文章,p 1052</note><note type="price">八分</note><identifier type="mh">book_6353</identifier></mods>