<mods xmlns="http://www.loc.gov/mods/v3" xmlns:xsi="http://www.w3.org/2001/XMLSchema-instance" xmlns:xlink="http://www.w3.org/1999/xlink" version="3.6" xsi:schemaLocation="http://www.loc.gov/mods/v3 http://cluster-schemas.uni-hd.de/modsCluster.xsd" ID="uuid-0ADB8DBB-7597-4A4C-80A2-CDDFBE87BDA3"><name type="personal" xlink:href=""><namePart lang="chi" script="Hant">前田儀作編輯</namePart><role><roleTerm type="text">author</roleTerm></role></name><titleInfo lang="chi" script="Hant"><title> 受驗者必攜 萬國歷史 試驗問題 答案</title></titleInfo><note type="citation">日本書目志,卷四,圖史門,萬國歷史,p 699</note><note type="price">一角五分</note><identifier type="mh">book_2177</identifier></mods>