<mods xmlns="http://www.loc.gov/mods/v3" xmlns:xsi="http://www.w3.org/2001/XMLSchema-instance" xmlns:xlink="http://www.w3.org/1999/xlink" version="3.6" xsi:schemaLocation="http://www.loc.gov/mods/v3 http://cluster-schemas.uni-hd.de/modsCluster.xsd" ID="uuid-0A6D2AEE-E349-42D7-82D0-D026D0E3909A"><titleInfo lang="chi" script="Hant"><title>御陣个原讐討美談</title></titleInfo><note type="citation">日本書目志,卷十四,小說門,小說,p 1179</note><note type="price">一角</note><identifier type="mh">book_8127</identifier></mods>