<mods xmlns="http://www.loc.gov/mods/v3" xmlns:xsi="http://www.w3.org/2001/XMLSchema-instance" xmlns:xlink="http://www.w3.org/1999/xlink" version="3.6" xsi:schemaLocation="http://www.loc.gov/mods/v3 http://cluster-schemas.uni-hd.de/modsCluster.xsd" ID="uuid-0240A1F1-F9D6-4AAA-8101-7A3F76F853B4"><name type="personal" xlink:href=""><namePart lang="chi" script="Hant">豐竹越前少椽作</namePart><role><roleTerm type="text">author</roleTerm></role></name><titleInfo lang="chi" script="Hant"><title> 義太夫丸本 義經腰越狀</title></titleInfo><note type="citation">日本書目志,卷十一,文學門,戲曲,p 1001</note><note type="price">一角</note><identifier type="mh">book_5648</identifier></mods>