<mods xmlns="http://www.loc.gov/mods/v3" xmlns:xsi="http://www.w3.org/2001/XMLSchema-instance" xmlns:xlink="http://www.w3.org/1999/xlink" version="3.6" xsi:schemaLocation="http://www.loc.gov/mods/v3 http://cluster-schemas.uni-hd.de/modsCluster.xsd" ID="uuid-0C30566F-B043-4F96-A714-4F53AF1B9702"><name type="personal" xlink:href=""><namePart lang="chi" script="Hant">原田真一編纂</namePart><role><roleTerm type="text">author</roleTerm></role></name><titleInfo lang="chi" script="Hant"><title> 新撰 東京府地誌 小學校用 </title></titleInfo><note type="citation">日本書目志,卷四,圖史門,地理小學校,p 677</note><note type="price">一角五分</note><identifier type="mh">book_1887</identifier></mods>