<mods xmlns="http://www.loc.gov/mods/v3" xmlns:xsi="http://www.w3.org/2001/XMLSchema-instance" xmlns:xlink="http://www.w3.org/1999/xlink" version="3.6" xsi:schemaLocation="http://www.loc.gov/mods/v3 http://cluster-schemas.uni-hd.de/modsCluster.xsd" ID="uuid-01450FF7-0243-4FD7-A95D-FFBD4593E00E"><titleInfo lang="chi" script="Hant"><title>花曇佐倉曙惣五郎住家之段</title></titleInfo><note type="citation">日本書目志,卷十一,文學門,戲曲,p 1007</note><note type="price">八分</note><identifier type="mh">book_5739</identifier></mods>