<mods xmlns="http://www.loc.gov/mods/v3" xmlns:xsi="http://www.w3.org/2001/XMLSchema-instance" xmlns:xlink="http://www.w3.org/1999/xlink" version="3.6" xsi:schemaLocation="http://www.loc.gov/mods/v3 http://cluster-schemas.uni-hd.de/modsCluster.xsd" ID="uuid-01C3D1D4-1073-461C-AA58-250362C89B89"><name type="personal" xlink:href=""><namePart lang="chi" script="Hant">吉田令世</namePart><role><roleTerm type="text">author</roleTerm></role></name><titleInfo lang="chi" script="Hant"><title>聲文私言 《日本文庫》第四篇之內 </title></titleInfo><note type="citation">日本書目志,卷十一,文學門,歌學及歌集,p 978</note><note type="price">二角五分</note><identifier type="mh">book_5308</identifier></mods>