<mods xmlns="http://www.loc.gov/mods/v3" xmlns:xsi="http://www.w3.org/2001/XMLSchema-instance" xmlns:xlink="http://www.w3.org/1999/xlink" version="3.6" xsi:schemaLocation="http://www.loc.gov/mods/v3 http://cluster-schemas.uni-hd.de/modsCluster.xsd" ID="uuid-09E87ED5-78D1-47C5-A35E-F381DE803E90"><name type="personal" xlink:href=""><namePart lang="chi" script="Hant">新井藤治郎著</namePart><role><roleTerm type="text">author</roleTerm></role></name><titleInfo lang="chi" script="Hant"><title> 新撰 細畫式</title></titleInfo><note type="citation">日本書目志,卷十三,美術門,繪畫書,p 1091</note><note type="price">一角</note><identifier type="mh">book_6872</identifier></mods>