<mods xmlns="http://www.loc.gov/mods/v3" xmlns:xsi="http://www.w3.org/2001/XMLSchema-instance" xmlns:xlink="http://www.w3.org/1999/xlink" version="3.6" xsi:schemaLocation="http://www.loc.gov/mods/v3 http://cluster-schemas.uni-hd.de/modsCluster.xsd" ID="uuid-0E99800C-194E-4E46-9BCD-2366E8CDF60F"><name type="personal" xlink:href=""><namePart lang="chi" script="Hant">貝原益軒</namePart><role><roleTerm type="text">author</roleTerm></role></name><titleInfo lang="chi" script="Hant"><title>貝原益軒家訓 《日本文庫》第七篇之內 </title></titleInfo><note type="citation">日本書目志,卷十,教育門,教育雜書,p 944</note><note type="price">二角五分</note><identifier type="mh">book_4863</identifier></mods>