<mods xmlns="http://www.loc.gov/mods/v3" xmlns:xsi="http://www.w3.org/2001/XMLSchema-instance" xmlns:xlink="http://www.w3.org/1999/xlink" version="3.6" xsi:schemaLocation="http://www.loc.gov/mods/v3 http://cluster-schemas.uni-hd.de/modsCluster.xsd" ID="uuid-012DB705-9D8D-4721-990C-1373711A8E0D"><titleInfo lang="chi" script="Hant"><title>大日本憲法 正文 </title></titleInfo><note type="citation">日本書目志,卷六,法律門,帝國憲法,p 779</note><note type="price">三分</note><identifier type="mh">book_3132</identifier></mods>