<mods xmlns="http://www.loc.gov/mods/v3" xmlns:xsi="http://www.w3.org/2001/XMLSchema-instance" xmlns:xlink="http://www.w3.org/1999/xlink" version="3.6" xsi:schemaLocation="http://www.loc.gov/mods/v3 http://cluster-schemas.uni-hd.de/modsCluster.xsd" ID="uuid-011B9950-D06D-4294-A1B0-501DE4B6118B"><name type="personal" xlink:href=""><namePart lang="chi" script="Hant">櫻癡居士著</namePart><role><roleTerm type="text">author</roleTerm></role></name><titleInfo lang="chi" script="Hant"><title>春日局</title></titleInfo><note type="citation">日本書目志,卷十一,文學門,腳本,p 1014</note><note type="price">二角</note><identifier type="mh">book_5836</identifier></mods>