<mods xmlns="http://www.loc.gov/mods/v3" xmlns:xsi="http://www.w3.org/2001/XMLSchema-instance" xmlns:xlink="http://www.w3.org/1999/xlink" version="3.6" xsi:schemaLocation="http://www.loc.gov/mods/v3 http://cluster-schemas.uni-hd.de/modsCluster.xsd" ID="uuid-00F8F941-F1B0-41B9-95DF-805736C3C54B"><name type="personal" xlink:href=""><namePart lang="chi" script="Hant">松永道一著</namePart><role><roleTerm type="text">author</roleTerm></role></name><titleInfo lang="chi" script="Hant"><title>商業指針</title></titleInfo><note type="citation">日本書目志,卷九,商業門,商業書,p 889</note><note type="price">二角五分</note><identifier type="mh">book_4248</identifier></mods>