<mods xmlns="http://www.loc.gov/mods/v3" xmlns:xsi="http://www.w3.org/2001/XMLSchema-instance" xmlns:xlink="http://www.w3.org/1999/xlink" version="3.6" xsi:schemaLocation="http://www.loc.gov/mods/v3 http://cluster-schemas.uni-hd.de/modsCluster.xsd" ID="uuid-0D59EC7D-A1E4-4786-8938-6C507FFCA68A"><name type="personal" xlink:href=""><namePart lang="chi" script="Hant">近藤元粹訂</namePart><role><roleTerm type="text">author</roleTerm></role></name><titleInfo lang="chi" script="Hant"><title>螢雪軒叢書詩話</title></titleInfo><note type="citation">日本書目志,卷十一,文學門,作詩及詩集,p 966</note><note type="price">七角</note><identifier type="mh">book_5136</identifier></mods>