<mods xmlns="http://www.loc.gov/mods/v3" xmlns:xsi="http://www.w3.org/2001/XMLSchema-instance" xmlns:xlink="http://www.w3.org/1999/xlink" version="3.6" xsi:schemaLocation="http://www.loc.gov/mods/v3 http://cluster-schemas.uni-hd.de/modsCluster.xsd" ID="uuid-0DF50E35-1DD9-4F0B-9ECC-61E9E12DF095"><name type="personal" xlink:href=""><namePart lang="chi" script="Hant">三坂繁人著</namePart><role><roleTerm type="text">author</roleTerm></role></name><titleInfo lang="chi" script="Hant"><title>商法俗解</title></titleInfo><note type="citation">日本書目志,卷六,法律門,商法,p 794</note><note type="price">一圓四角八分</note><identifier type="mh">book_3337</identifier></mods>