<mods xmlns="http://www.loc.gov/mods/v3" xmlns:xsi="http://www.w3.org/2001/XMLSchema-instance" xmlns:xlink="http://www.w3.org/1999/xlink" version="3.6" xsi:schemaLocation="http://www.loc.gov/mods/v3 http://cluster-schemas.uni-hd.de/modsCluster.xsd" ID="uuid-081972A4-A71B-4006-ADA5-1D7A0FCE4ADA"><name type="personal" xlink:href=""><namePart lang="chi" script="Hant">岡田良策著</namePart><role><roleTerm type="text">author</roleTerm></role></name><titleInfo lang="chi" script="Hant"><title> 怪貓奇談 岩瀨於菊仇討新話</title></titleInfo><note type="citation">日本書目志,卷十四,小說門,小說,p 1142</note><note type="price">七分</note><identifier type="mh">book_7575</identifier></mods>