<mods xmlns="http://www.loc.gov/mods/v3" xmlns:xsi="http://www.w3.org/2001/XMLSchema-instance" xmlns:xlink="http://www.w3.org/1999/xlink" version="3.6" xsi:schemaLocation="http://www.loc.gov/mods/v3 http://cluster-schemas.uni-hd.de/modsCluster.xsd" ID="uuid-02184DAA-0756-402A-BFED-873F00A3C2BF"><name type="personal" xlink:href=""><namePart lang="chi" script="Hant">地圖調製所編</namePart><role><roleTerm type="text">author</roleTerm></role></name><titleInfo lang="chi" script="Hant"><title>新撰東京全圖</title></titleInfo><note type="citation">日本書目志,卷四,圖史門,東京圖,p 692</note><note type="price">四角五分</note><identifier type="mh">book_2083</identifier></mods>