<mods xmlns="http://www.loc.gov/mods/v3" xmlns:xsi="http://www.w3.org/2001/XMLSchema-instance" xmlns:xlink="http://www.w3.org/1999/xlink" version="3.6" xsi:schemaLocation="http://www.loc.gov/mods/v3 http://cluster-schemas.uni-hd.de/modsCluster.xsd" ID="uuid-0C950885-001E-49E1-AEBF-777510DFAEFA"><titleInfo lang="chi" script="Hant"><title>小經濟學 翻刻 </title></titleInfo><note type="citation">日本書目志,卷五,政治門,橫文經濟學,p 770</note><note type="price">三角二分</note><identifier type="mh">book_3058</identifier></mods>