<mods xmlns="http://www.loc.gov/mods/v3" xmlns:xsi="http://www.w3.org/2001/XMLSchema-instance" xmlns:xlink="http://www.w3.org/1999/xlink" version="3.6" xsi:schemaLocation="http://www.loc.gov/mods/v3 http://cluster-schemas.uni-hd.de/modsCluster.xsd" ID="uuid-00326F5F-C50D-4AD2-801C-8B5346D4B354"><name type="personal" xlink:href=""><namePart lang="chi" script="Hant">井原西鶴著</namePart><role><roleTerm type="text">author</roleTerm></role></name><titleInfo lang="chi" script="Hant"><title>萬之文反古</title></titleInfo><note type="citation">日本書目志,卷十四,小說門,小說,p 1161</note><note type="price">一角二分</note><identifier type="mh">book_7853</identifier></mods>