<mods xmlns="http://www.loc.gov/mods/v3" xmlns:xsi="http://www.w3.org/2001/XMLSchema-instance" xmlns:xlink="http://www.w3.org/1999/xlink" version="3.6" xsi:schemaLocation="http://www.loc.gov/mods/v3 http://cluster-schemas.uni-hd.de/modsCluster.xsd" ID="uuid-0C70E4D7-8F16-4CB3-BA63-52DE1966471B"><name type="personal" xlink:href=""><namePart lang="chi" script="Hant">鈴木貞次郎編</namePart><role><roleTerm type="text">author</roleTerm></role></name><titleInfo lang="chi" script="Hant"><title>小學讀本字類</title></titleInfo><note type="citation">日本書目志,卷十二,文字語言門,讀書字類,p 1081</note><note type="price">一角八分</note><identifier type="mh">book_6785</identifier></mods>