<mods xmlns="http://www.loc.gov/mods/v3" xmlns:xsi="http://www.w3.org/2001/XMLSchema-instance" xmlns:xlink="http://www.w3.org/1999/xlink" version="3.6" xsi:schemaLocation="http://www.loc.gov/mods/v3 http://cluster-schemas.uni-hd.de/modsCluster.xsd" ID="uuid-0842E360-57AE-4BD2-B516-9265A2E4D2ED"><name type="personal" xlink:href=""><namePart lang="chi" script="Hant">九岐晰編輯</namePart><role><roleTerm type="text">author</roleTerm></role></name><titleInfo lang="chi" script="Hant"><title>博物之友 《教育談海》之內 </title></titleInfo><note type="citation">日本書目志,卷十,教育門,少年教育書,p 956</note><note type="price">三分</note><identifier type="mh">book_5038</identifier></mods>