<mods xmlns="http://www.loc.gov/mods/v3" xmlns:xsi="http://www.w3.org/2001/XMLSchema-instance" xmlns:xlink="http://www.w3.org/1999/xlink" version="3.6" xsi:schemaLocation="http://www.loc.gov/mods/v3 http://cluster-schemas.uni-hd.de/modsCluster.xsd" ID="uuid-05507D07-8252-4248-8190-6B99EBAAF557"><name type="personal" xlink:href=""><namePart lang="chi" script="Hant">芳賀矢一編</namePart><role><roleTerm type="text">author</roleTerm></role></name><titleInfo lang="chi" script="Hant"><title>文學者年表</title></titleInfo><note type="citation">日本書目志,卷四,圖史門,年表,p 728</note><note type="price">五角五分</note><identifier type="mh">book_2578</identifier></mods>