<mods xmlns="http://www.loc.gov/mods/v3" xmlns:xsi="http://www.w3.org/2001/XMLSchema-instance" xmlns:xlink="http://www.w3.org/1999/xlink" version="3.6" xsi:schemaLocation="http://www.loc.gov/mods/v3 http://cluster-schemas.uni-hd.de/modsCluster.xsd" ID="uuid-0B44692B-2D13-41A3-A58A-EC265118847D"><name type="personal" xlink:href=""><namePart lang="chi" script="Hant">富田卓雄著　粟田寬序文</namePart><role><roleTerm type="text">author</roleTerm></role></name><titleInfo lang="chi" script="Hant"><title> 漢語雜集 萬通節用</title></titleInfo><note type="citation">日本書目志,卷十二,文字語言門,伊吕波引,p 1071</note><note type="price">二角</note><identifier type="mh">book_6637</identifier></mods>