<mods xmlns="http://www.loc.gov/mods/v3" xmlns:xsi="http://www.w3.org/2001/XMLSchema-instance" xmlns:xlink="http://www.w3.org/1999/xlink" version="3.6" xsi:schemaLocation="http://www.loc.gov/mods/v3 http://cluster-schemas.uni-hd.de/modsCluster.xsd" ID="uuid-0AD15AAC-DD81-4294-BA65-E36BA6E8E580"><name type="personal" xlink:href=""><namePart lang="chi" script="Hant">堀正太郎著</namePart><role><roleTerm type="text">author</roleTerm></role></name><titleInfo lang="chi" script="Hant"><title>博物學示教</title></titleInfo><note type="citation">日本書目志,卷二,理學門,博物學,p 642</note><note type="price">九角</note><identifier type="mh">book_1502</identifier></mods>