<mods xmlns="http://www.loc.gov/mods/v3" xmlns:xsi="http://www.w3.org/2001/XMLSchema-instance" xmlns:xlink="http://www.w3.org/1999/xlink" version="3.6" xsi:schemaLocation="http://www.loc.gov/mods/v3 http://cluster-schemas.uni-hd.de/modsCluster.xsd" ID="uuid-001A622B-371C-4116-96F2-7B3FD182E4C7"><titleInfo lang="chi" script="Hant"><title>長脇差小鐵利刀</title></titleInfo><note type="citation">日本書目志,卷十四,小說門,小說,p 1167</note><note type="price">一角</note><identifier type="mh">book_7946</identifier></mods>