<mods xmlns="http://www.loc.gov/mods/v3" xmlns:xsi="http://www.w3.org/2001/XMLSchema-instance" xmlns:xlink="http://www.w3.org/1999/xlink" version="3.6" xsi:schemaLocation="http://www.loc.gov/mods/v3 http://cluster-schemas.uni-hd.de/modsCluster.xsd" ID="uuid-0B3192D4-CACF-407D-A155-FFF08F9C4061"><name type="personal" xlink:href=""><namePart lang="chi" script="Hant">岡村政子著</namePart><role><roleTerm type="text">author</roleTerm></role></name><titleInfo lang="chi" script="Hant"><title> 新撰 畫學入門 小學校用 </title></titleInfo><note type="citation">日本書目志,卷十三,美術門,畫手本學校用,p 1110</note><note type="price">四角六分</note><identifier type="mh">book_7161</identifier></mods>