<mods xmlns="http://www.loc.gov/mods/v3" xmlns:xsi="http://www.w3.org/2001/XMLSchema-instance" xmlns:xlink="http://www.w3.org/1999/xlink" version="3.6" xsi:schemaLocation="http://www.loc.gov/mods/v3 http://cluster-schemas.uni-hd.de/modsCluster.xsd" ID="uuid-0A276423-3F81-4B6E-868A-FF0596EAC46D"><titleInfo lang="chi" script="Hant"><title>大日本地圖</title></titleInfo><note type="citation">日本書目志,卷四,圖史門,日本地圖,p 688</note><note type="price">三角</note><identifier type="mh">book_2029</identifier></mods>