<mods xmlns="http://www.loc.gov/mods/v3" xmlns:xsi="http://www.w3.org/2001/XMLSchema-instance" xmlns:xlink="http://www.w3.org/1999/xlink" version="3.6" xsi:schemaLocation="http://www.loc.gov/mods/v3 http://cluster-schemas.uni-hd.de/modsCluster.xsd" ID="uuid-075457E3-F16C-4156-B089-639432712BE5"><name type="personal" xlink:href=""><namePart lang="chi" script="Hant">大槻文彥編</namePart><role><roleTerm type="text">author</roleTerm></role></name><titleInfo lang="chi" script="Hant"><title>日本辭書言海</title></titleInfo><note type="citation">日本書目志,卷十二,文字語言門,伊吕波引,p 1073</note><note type="price">四圓五角</note><identifier type="mh">book_6660</identifier></mods>