<mods xmlns="http://www.loc.gov/mods/v3" xmlns:xsi="http://www.w3.org/2001/XMLSchema-instance" xmlns:xlink="http://www.w3.org/1999/xlink" version="3.6" xsi:schemaLocation="http://www.loc.gov/mods/v3 http://cluster-schemas.uni-hd.de/modsCluster.xsd" ID="uuid-085F89D6-4A4C-45BE-8BEB-ACB48D931A06"><name type="personal" xlink:href=""><namePart lang="chi" script="Hant">山田喜之助譯</namePart><role><roleTerm type="text">author</roleTerm></role></name><titleInfo lang="chi" script="Hant"><title>英國證據法</title></titleInfo><note type="citation">日本書目志,卷六,法律門,外國民法,p 793</note><note type="price">八角五分</note><identifier type="mh">book_3317</identifier></mods>