<mods xmlns="http://www.loc.gov/mods/v3" xmlns:xsi="http://www.w3.org/2001/XMLSchema-instance" xmlns:xlink="http://www.w3.org/1999/xlink" version="3.6" xsi:schemaLocation="http://www.loc.gov/mods/v3 http://cluster-schemas.uni-hd.de/modsCluster.xsd" ID="uuid-04D6C04D-39C7-41F3-9F70-FEAEF6FE6B35"><name type="personal" xlink:href=""><namePart lang="chi" script="Hant">勸農局、商務局藏版</namePart><role><roleTerm type="text">author</roleTerm></role></name><titleInfo lang="chi" script="Hant"><title>明治十三年綿精共進會報告綿部告報</title></titleInfo><note type="citation">日本書目志,卷十,教育門,報告書,p 941</note><note type="price">三角</note><identifier type="mh">book_4831</identifier></mods>