<mods xmlns="http://www.loc.gov/mods/v3" xmlns:xsi="http://www.w3.org/2001/XMLSchema-instance" xmlns:xlink="http://www.w3.org/1999/xlink" version="3.6" xsi:schemaLocation="http://www.loc.gov/mods/v3 http://cluster-schemas.uni-hd.de/modsCluster.xsd" ID="uuid-0E15BE7F-2B8A-4C71-9698-89A1B55B4575"><titleInfo lang="chi" script="Hant"><title>古今毒婦傳 四人合本 </title></titleInfo><note type="citation">日本書目志,卷十四,小說門,小說,p 1179</note><note type="price">六分</note><identifier type="mh">book_8121</identifier></mods>