<mods xmlns="http://www.loc.gov/mods/v3" xmlns:xsi="http://www.w3.org/2001/XMLSchema-instance" xmlns:xlink="http://www.w3.org/1999/xlink" version="3.6" xsi:schemaLocation="http://www.loc.gov/mods/v3 http://cluster-schemas.uni-hd.de/modsCluster.xsd" ID="uuid-0017E72A-706A-47E0-82B2-DACAB1F20686"><name type="personal" xlink:href=""><namePart lang="chi" script="Hant">長澤蘆雪真筆</namePart><role><roleTerm type="text">author</roleTerm></role></name><titleInfo lang="chi" script="Hant"><title>丹鶴愛雛鳥之圖 美術畫第一 </title></titleInfo><note type="citation">日本書目志,卷十三,美術門,繪畫書,p 1093</note><note type="price">一角二分</note><identifier type="mh">book_6914</identifier></mods>