<mods xmlns="http://www.loc.gov/mods/v3" xmlns:xsi="http://www.w3.org/2001/XMLSchema-instance" xmlns:xlink="http://www.w3.org/1999/xlink" version="3.6" xsi:schemaLocation="http://www.loc.gov/mods/v3 http://cluster-schemas.uni-hd.de/modsCluster.xsd" ID="uuid-08E7A2D2-7733-4ACA-84B5-46804C7DA280"><titleInfo lang="chi" script="Hant"><title>北雪美談金澤實記</title></titleInfo><note type="citation">日本書目志,卷十四,小說門,小說,p 1148</note><note type="price">五分</note><identifier type="mh">book_7665</identifier></mods>