<mods xmlns="http://www.loc.gov/mods/v3" xmlns:xsi="http://www.w3.org/2001/XMLSchema-instance" xmlns:xlink="http://www.w3.org/1999/xlink" version="3.6" xsi:schemaLocation="http://www.loc.gov/mods/v3 http://cluster-schemas.uni-hd.de/modsCluster.xsd" ID="uuid-0BC5474F-15FC-4FC3-9FC7-8140AC1320FD"><name type="personal" xlink:href=""><namePart lang="chi" script="Hant">工務局藏版</namePart><role><roleTerm type="text">author</roleTerm></role></name><titleInfo lang="chi" script="Hant"><title> 繭絲織物陶漆器共進會 陶器出品圖</title></titleInfo><note type="citation">日本書目志,卷八,工業門,匠學書,p 875</note><note type="price">六角</note><identifier type="mh">book_4094</identifier></mods>