<mods xmlns="http://www.loc.gov/mods/v3" xmlns:xsi="http://www.w3.org/2001/XMLSchema-instance" xmlns:xlink="http://www.w3.org/1999/xlink" version="3.6" xsi:schemaLocation="http://www.loc.gov/mods/v3 http://cluster-schemas.uni-hd.de/modsCluster.xsd" ID="uuid-04BCF531-B17B-4238-9675-A7DDF12D128C"><titleInfo lang="chi" script="Hant"><title>櫻品</title></titleInfo><note type="citation">日本書目志,卷十三,美術門,繪畫書,p 1099</note><note type="price">七角</note><identifier type="mh">book_6995</identifier></mods>