<mods xmlns="http://www.loc.gov/mods/v3" xmlns:xsi="http://www.w3.org/2001/XMLSchema-instance" xmlns:xlink="http://www.w3.org/1999/xlink" version="3.6" xsi:schemaLocation="http://www.loc.gov/mods/v3 http://cluster-schemas.uni-hd.de/modsCluster.xsd" ID="uuid-063CA4BA-8227-4C4D-A0CD-35ADF50036D8"><name type="personal" xlink:href=""><namePart lang="chi" script="Hant">山口鉞三郎著</namePart><role><roleTerm type="text">author</roleTerm></role></name><titleInfo lang="chi" script="Hant"><title>教室之整理</title></titleInfo><note type="citation">日本書目志,卷十,教育門,實地教育,p 934</note><note type="price">二角八分</note><identifier type="mh">book_4780</identifier></mods>