<mods xmlns="http://www.loc.gov/mods/v3" xmlns:xsi="http://www.w3.org/2001/XMLSchema-instance" xmlns:xlink="http://www.w3.org/1999/xlink" version="3.6" xsi:schemaLocation="http://www.loc.gov/mods/v3 http://cluster-schemas.uni-hd.de/modsCluster.xsd" ID="uuid-0BBDEEA5-813C-4AA0-868C-3AD808259F90"><name type="personal" xlink:href=""><namePart lang="chi" script="Hant">好修堂主人編</namePart><role><roleTerm type="text">author</roleTerm></role></name><titleInfo lang="chi" script="Hant"><title> 少年必讀 理學之慰</title></titleInfo><note type="citation">日本書目志,卷十,教育門,少年教育書,p 956</note><note type="price">一角</note><identifier type="mh">book_5041</identifier></mods>