<mods xmlns="http://www.loc.gov/mods/v3" xmlns:xsi="http://www.w3.org/2001/XMLSchema-instance" xmlns:xlink="http://www.w3.org/1999/xlink" version="3.6" xsi:schemaLocation="http://www.loc.gov/mods/v3 http://cluster-schemas.uni-hd.de/modsCluster.xsd" ID="uuid-0B549AA0-9463-4D96-90C6-75708B953030"><name type="personal" xlink:href=""><namePart lang="chi" script="Hant">一事庵史琹編　㣙鱗舍松江閱</namePart><role><roleTerm type="text">author</roleTerm></role></name><titleInfo lang="chi" script="Hant"><title> 俳諧季寄 發句獨稽古</title></titleInfo><note type="citation">日本書目志,卷十一,文學門,俳書及俳諧集,p 987</note><note type="price">二角</note><identifier type="mh">book_5439</identifier></mods>