<mods xmlns="http://www.loc.gov/mods/v3" xmlns:xsi="http://www.w3.org/2001/XMLSchema-instance" xmlns:xlink="http://www.w3.org/1999/xlink" version="3.6" xsi:schemaLocation="http://www.loc.gov/mods/v3 http://cluster-schemas.uni-hd.de/modsCluster.xsd" ID="uuid-0E735BEF-D27E-424F-A8C1-9E3F19CA17A5"><name type="personal" xlink:href=""><namePart lang="chi" script="Hant">本多錦吉郎著畫</namePart><role><roleTerm type="text">author</roleTerm></role></name><titleInfo lang="chi" script="Hant"><title>尋常畫學本</title></titleInfo><note type="citation">日本書目志,卷十三,美術門,畫手本學校用,p 1114</note><note type="price">二角四分</note><identifier type="mh">book_7219</identifier></mods>