<mods xmlns="http://www.loc.gov/mods/v3" xmlns:xsi="http://www.w3.org/2001/XMLSchema-instance" xmlns:xlink="http://www.w3.org/1999/xlink" version="3.6" xsi:schemaLocation="http://www.loc.gov/mods/v3 http://cluster-schemas.uni-hd.de/modsCluster.xsd" ID="uuid-0559C922-37C0-4AFF-93F9-64BA6D64FFA8"><titleInfo lang="chi" script="Hant"><title>日本民事訴訟法 商法合本 </title></titleInfo><note type="citation">日本書目志,卷六,法律門,民事訴訟法,p 798</note><note type="price">七分</note><identifier type="mh">book_3387</identifier></mods>