<mods xmlns="http://www.loc.gov/mods/v3" xmlns:xsi="http://www.w3.org/2001/XMLSchema-instance" xmlns:xlink="http://www.w3.org/1999/xlink" version="3.6" xsi:schemaLocation="http://www.loc.gov/mods/v3 http://cluster-schemas.uni-hd.de/modsCluster.xsd" ID="uuid-008984B9-7CD3-42F4-A25F-F1F30F9072B4"><name type="personal" xlink:href=""><namePart lang="chi" script="Hant">長田定穗譯</namePart><role><roleTerm type="text">author</roleTerm></role></name><titleInfo lang="chi" script="Hant"><title> 袖珍 法醫解剖指鍼</title></titleInfo><note type="citation">日本書目志,卷一,生理門,解剖學,p 595</note><note type="price">六角</note><identifier type="mh">book_980</identifier></mods>