<mods xmlns="http://www.loc.gov/mods/v3" xmlns:xsi="http://www.w3.org/2001/XMLSchema-instance" xmlns:xlink="http://www.w3.org/1999/xlink" version="3.6" xsi:schemaLocation="http://www.loc.gov/mods/v3 http://cluster-schemas.uni-hd.de/modsCluster.xsd" ID="uuid-04489D95-05E9-4415-A619-F8445A422CD8"><name type="personal" xlink:href=""><namePart lang="chi" script="Hant">原著</namePart><role><roleTerm type="text">author</roleTerm></role></name><titleInfo lang="chi" script="Hant"><title>人命急變救助法</title></titleInfo><note type="citation">日本書目志,卷一,生理門,醫學雜書,p 616</note><note type="price">八分</note><identifier type="mh">book_1241</identifier></mods>