<mods xmlns="http://www.loc.gov/mods/v3" xmlns:xsi="http://www.w3.org/2001/XMLSchema-instance" xmlns:xlink="http://www.w3.org/1999/xlink" version="3.6" xsi:schemaLocation="http://www.loc.gov/mods/v3 http://cluster-schemas.uni-hd.de/modsCluster.xsd" ID="uuid-084AFCE6-C554-4248-8071-750FF16E8496"><name type="personal" xlink:href=""><namePart lang="chi" script="Hant">深井鑑一郎編</namePart><role><roleTerm type="text">author</roleTerm></role></name><titleInfo lang="chi" script="Hant"><title> 中等教育 國語漢文講義錄</title></titleInfo><note type="citation">日本書目志,卷十,教育門,漢文書,p 959</note><note type="price">一角</note><identifier type="mh">book_5084</identifier></mods>