<mods xmlns="http://www.loc.gov/mods/v3" xmlns:xsi="http://www.w3.org/2001/XMLSchema-instance" xmlns:xlink="http://www.w3.org/1999/xlink" version="3.6" xsi:schemaLocation="http://www.loc.gov/mods/v3 http://cluster-schemas.uni-hd.de/modsCluster.xsd" ID="uuid-01D197CB-9E0C-4EC6-9170-5234ED4D91C7"><name type="personal" xlink:href=""><namePart lang="chi" script="Hant">近松門左衛門作</namePart><role><roleTerm type="text">author</roleTerm></role></name><titleInfo lang="chi" script="Hant"><title>近松時代淨瑠璃 廿四種出版 </title></titleInfo><note type="citation">日本書目志,卷十一,文學門,戲曲,p 999</note><note type="price">七分</note><identifier type="mh">book_5627</identifier></mods>