<mods xmlns="http://www.loc.gov/mods/v3" xmlns:xsi="http://www.w3.org/2001/XMLSchema-instance" xmlns:xlink="http://www.w3.org/1999/xlink" version="3.6" xsi:schemaLocation="http://www.loc.gov/mods/v3 http://cluster-schemas.uni-hd.de/modsCluster.xsd" ID="uuid-02BB5177-62E7-46FA-8D60-B450E566DBD9"><name type="personal" xlink:href=""><namePart lang="chi" script="Hant">中村外吉著</namePart><role><roleTerm type="text">author</roleTerm></role></name><titleInfo lang="chi" script="Hant"><title>簡易理化獨修</title></titleInfo><note type="citation">日本書目志,卷二,理學門,理化學,p 630</note><note type="price">一角二分</note><identifier type="mh">book_1370</identifier></mods>