<mods xmlns="http://www.loc.gov/mods/v3" xmlns:xsi="http://www.w3.org/2001/XMLSchema-instance" xmlns:xlink="http://www.w3.org/1999/xlink" version="3.6" xsi:schemaLocation="http://www.loc.gov/mods/v3 http://cluster-schemas.uni-hd.de/modsCluster.xsd" ID="uuid-0605C00C-F776-4B3D-9017-29E1E5FE1DA1"><name type="personal" xlink:href=""><namePart lang="chi" script="Hant">普及舍著</namePart><role><roleTerm type="text">author</roleTerm></role></name><titleInfo lang="chi" script="Hant"><title> 心性開發 小學教科書論</title></titleInfo><note type="citation">日本書目志,卷十,教育門,實地教育,p 932</note><note type="price">二角</note><identifier type="mh">book_4758</identifier></mods>