<mods xmlns="http://www.loc.gov/mods/v3" xmlns:xsi="http://www.w3.org/2001/XMLSchema-instance" xmlns:xlink="http://www.w3.org/1999/xlink" version="3.6" xsi:schemaLocation="http://www.loc.gov/mods/v3 http://cluster-schemas.uni-hd.de/modsCluster.xsd" ID="uuid-02819AC8-1616-495C-AB0E-D0B271BB5497"><name type="personal" xlink:href=""><namePart lang="chi" script="Hant">英國著　前橋孝義譯述</namePart><role><roleTerm type="text">author</roleTerm></role></name><titleInfo lang="chi" script="Hant"><title> 訂正五版 印度奇觀</title></titleInfo><note type="citation">日本書目志,卷四,圖史門,傳記,p 717</note><note type="price">五角五分</note><identifier type="mh">book_2418</identifier></mods>