<mods xmlns="http://www.loc.gov/mods/v3" xmlns:xsi="http://www.w3.org/2001/XMLSchema-instance" xmlns:xlink="http://www.w3.org/1999/xlink" version="3.6" xsi:schemaLocation="http://www.loc.gov/mods/v3 http://cluster-schemas.uni-hd.de/modsCluster.xsd" ID="uuid-09973017-423C-4069-A89C-B01A5C9AD5D3"><name type="personal" xlink:href=""><namePart lang="chi" script="Hant">白井光太郎著</namePart><role><roleTerm type="text">author</roleTerm></role></name><titleInfo lang="chi" script="Hant"><title>日本博物學年表</title></titleInfo><note type="citation">日本書目志,卷四,圖史門,年表,p 728</note><note type="price">五角</note><identifier type="mh">book_2571</identifier></mods>