<mods xmlns="http://www.loc.gov/mods/v3" xmlns:xsi="http://www.w3.org/2001/XMLSchema-instance" xmlns:xlink="http://www.w3.org/1999/xlink" version="3.6" xsi:schemaLocation="http://www.loc.gov/mods/v3 http://cluster-schemas.uni-hd.de/modsCluster.xsd" ID="uuid-09B55A26-E197-4824-A926-5C5F7B14C232"><name type="personal" xlink:href=""><namePart lang="chi" script="Hant">佐木弘綱、佐木信綱校訂</namePart><role><roleTerm type="text">author</roleTerm></role></name><titleInfo lang="chi" script="Hant"><title>萬葉集 《日本歌學全書》自第九篇至十一篇 </title></titleInfo><note type="citation">日本書目志,卷十一,文學門,歌集,p 981</note><note type="price">七角五分</note><identifier type="mh">book_5353</identifier></mods>