<mods xmlns="http://www.loc.gov/mods/v3" xmlns:xsi="http://www.w3.org/2001/XMLSchema-instance" xmlns:xlink="http://www.w3.org/1999/xlink" version="3.6" xsi:schemaLocation="http://www.loc.gov/mods/v3 http://cluster-schemas.uni-hd.de/modsCluster.xsd" ID="uuid-0E9A8171-1D57-4F7B-8705-BF847192C51E"><name type="personal" xlink:href=""><namePart lang="chi" script="Hant">高木為鐘譯</namePart><role><roleTerm type="text">author</roleTerm></role></name><titleInfo lang="chi" script="Hant"><title>佛蘭西革命史</title></titleInfo><note type="citation">日本書目志,卷四,圖史門,各國歷史,p 701</note><note type="price">一角</note><identifier type="mh">book_2200</identifier></mods>