<mods xmlns="http://www.loc.gov/mods/v3" xmlns:xsi="http://www.w3.org/2001/XMLSchema-instance" xmlns:xlink="http://www.w3.org/1999/xlink" version="3.6" xsi:schemaLocation="http://www.loc.gov/mods/v3 http://cluster-schemas.uni-hd.de/modsCluster.xsd" ID="uuid-01807070-665A-4796-BF12-766FEE300F13"><name type="personal" xlink:href=""><namePart lang="chi" script="Hant">桃水痴史著</namePart><role><roleTerm type="text">author</roleTerm></role></name><titleInfo lang="chi" script="Hant"><title>水之月</title></titleInfo><note type="citation">日本書目志,卷十四,小說門,小說,p 1189</note><note type="price">二角</note><identifier type="mh">book_8278</identifier></mods>