<mods xmlns="http://www.loc.gov/mods/v3" xmlns:xsi="http://www.w3.org/2001/XMLSchema-instance" xmlns:xlink="http://www.w3.org/1999/xlink" version="3.6" xsi:schemaLocation="http://www.loc.gov/mods/v3 http://cluster-schemas.uni-hd.de/modsCluster.xsd" ID="uuid-0E8F94AE-DA2B-43CD-B7BC-38E37AB14BA4"><name type="personal" xlink:href=""><namePart lang="chi" script="Hant">志賀雷山譯</namePart><role><roleTerm type="text">author</roleTerm></role></name><titleInfo lang="chi" script="Hant"><title>牛病可治</title></titleInfo><note type="citation">日本書目志,卷一,生理門,獸醫學,p 619</note><note type="price">六角</note><identifier type="mh">book_1283</identifier></mods>