<mods xmlns="http://www.loc.gov/mods/v3" xmlns:xsi="http://www.w3.org/2001/XMLSchema-instance" xmlns:xlink="http://www.w3.org/1999/xlink" version="3.6" xsi:schemaLocation="http://www.loc.gov/mods/v3 http://cluster-schemas.uni-hd.de/modsCluster.xsd" ID="uuid-01B60668-7E7B-44C5-889F-A1DC3D4C7BC9"><name type="personal" xlink:href=""><namePart lang="chi" script="Hant">橘金造著</namePart><role><roleTerm type="text">author</roleTerm></role></name><titleInfo lang="chi" script="Hant"><title>將棊階梯</title></titleInfo><note type="citation">日本書目志,卷十三,美術門,將棊書,p 1133</note><note type="price">八分</note><identifier type="mh">book_7474</identifier></mods>