<mods xmlns="http://www.loc.gov/mods/v3" xmlns:xsi="http://www.w3.org/2001/XMLSchema-instance" xmlns:xlink="http://www.w3.org/1999/xlink" version="3.6" xsi:schemaLocation="http://www.loc.gov/mods/v3 http://cluster-schemas.uni-hd.de/modsCluster.xsd" ID="uuid-029536F6-5A55-4E6B-9257-FD78A1376762"><name type="personal" xlink:href=""><namePart lang="chi" script="Hant">林甕臣著</namePart><role><roleTerm type="text">author</roleTerm></role></name><titleInfo lang="chi" script="Hant"><title>日本新字速記秘訣</title></titleInfo><note type="citation">日本書目志,卷十二,文字語言門,速記法,p 1085</note><note type="price">二角五分</note><identifier type="mh">book_6840</identifier></mods>