<mods xmlns="http://www.loc.gov/mods/v3" xmlns:xsi="http://www.w3.org/2001/XMLSchema-instance" xmlns:xlink="http://www.w3.org/1999/xlink" version="3.6" xsi:schemaLocation="http://www.loc.gov/mods/v3 http://cluster-schemas.uni-hd.de/modsCluster.xsd" ID="uuid-02FF2C5E-DF33-450C-84F1-8B53DB374C6F"><name type="personal" xlink:href=""><namePart lang="chi" script="Hant">文耕堂、三好松洛合作</namePart><role><roleTerm type="text">author</roleTerm></role></name><titleInfo lang="chi" script="Hant"><title> 義太夫丸本 御所櫻堀川夜討</title></titleInfo><note type="citation">日本書目志,卷十一,文學門,戲曲,p 1003</note><note type="price">一角</note><identifier type="mh">book_5675</identifier></mods>