<mods xmlns="http://www.loc.gov/mods/v3" xmlns:xsi="http://www.w3.org/2001/XMLSchema-instance" xmlns:xlink="http://www.w3.org/1999/xlink" version="3.6" xsi:schemaLocation="http://www.loc.gov/mods/v3 http://cluster-schemas.uni-hd.de/modsCluster.xsd" ID="uuid-0396928E-D210-4054-8D08-AAAACE73A148"><titleInfo lang="chi" script="Hant"><title>克虜卜量藥漲力器具圖說</title></titleInfo><note type="citation">增版東西學書錄,卷一,兵制第五,子藥,p 115</note><abstract type="summary"> 克虜卜量藥漲力器具圖說無卷數 天津學堂本一冊   不著撰人名氏，[德]瑞乃爾譯，首略說羅滿德器具，蓋其法剏自羅滿德，次略說 銅柱器具，皆有試法章程及表圖；次畧說量藥漲力微尺，論羅滿德及銅柱兩 種用法，後列兩圖。泰西火器愈出愈精，讀此及電光瞄準，益歎功用之微妙。是 書一名羅德滿器具說畧。 </abstract><identifier type="mh">book_251</identifier></mods>