<mods xmlns="http://www.loc.gov/mods/v3" xmlns:xsi="http://www.w3.org/2001/XMLSchema-instance" xmlns:xlink="http://www.w3.org/1999/xlink" version="3.6" xsi:schemaLocation="http://www.loc.gov/mods/v3 http://cluster-schemas.uni-hd.de/modsCluster.xsd" ID="uuid-0BD7516F-92CA-4AF8-B2D4-D30970D07375"><titleInfo lang="chi" script="Hant"><title>萬國公司新法</title></titleInfo><note type="citation">增版東西學書錄,卷二,商務第九,商學,p 166</note><abstract type="summary"> 萬國公司新法一卷 東亞報本   [德]普洛布賢茲孰路誇痕拉著，[日本]橋本海關譯。 [顧補]  </abstract><identifier type="mh">book_459</identifier></mods>