<mods xmlns="http://www.loc.gov/mods/v3" xmlns:xsi="http://www.w3.org/2001/XMLSchema-instance" xmlns:xlink="http://www.w3.org/1999/xlink" version="3.6" xsi:schemaLocation="http://www.loc.gov/mods/v3 http://cluster-schemas.uni-hd.de/modsCluster.xsd" ID="uuid-0480D0D0-5CA4-499A-A9DD-DA79665522A1"><name type="personal" xlink:href=""><namePart lang="chi" script="Hant">西河通徹著</namePart><role><roleTerm type="text">author</roleTerm></role></name><titleInfo lang="chi" script="Hant"><title> 立志美談 汽船之發明</title></titleInfo><note type="citation">日本書目志,卷四,圖史門,傳記,p 723</note><note type="price">一角五分</note><identifier type="mh">book_2497</identifier></mods>