<mods xmlns="http://www.loc.gov/mods/v3" xmlns:xsi="http://www.w3.org/2001/XMLSchema-instance" xmlns:xlink="http://www.w3.org/1999/xlink" version="3.6" xsi:schemaLocation="http://www.loc.gov/mods/v3 http://cluster-schemas.uni-hd.de/modsCluster.xsd" ID="uuid-0C2C1E6C-E698-44F2-93D9-C6CB7C0CF75E"><name type="personal" xlink:href=""><namePart lang="chi" script="Hant">淚香小史著</namePart><role><roleTerm type="text">author</roleTerm></role></name><titleInfo lang="chi" script="Hant"><title>決鬬之果</title></titleInfo><note type="citation">日本書目志,卷十四,小說門,小說,p 1174</note><note type="price">一角八分</note><identifier type="mh">book_8044</identifier></mods>