<mods xmlns="http://www.loc.gov/mods/v3" xmlns:xsi="http://www.w3.org/2001/XMLSchema-instance" xmlns:xlink="http://www.w3.org/1999/xlink" version="3.6" xsi:schemaLocation="http://www.loc.gov/mods/v3 http://cluster-schemas.uni-hd.de/modsCluster.xsd" ID="uuid-03CF8978-C21A-4030-A901-9ABA90A96A97"><name type="personal" xlink:href=""><namePart lang="chi" script="Hant">博物局藏板</namePart><role><roleTerm type="text">author</roleTerm></role></name><titleInfo lang="chi" script="Hant"><title> 教草一覽內 樟蟲一覽</title></titleInfo><note type="citation">日本書目志,卷七,農業門,蠶桑書,p 856</note><note type="price">五分</note><identifier type="mh">book_3947</identifier></mods>