<mods xmlns="http://www.loc.gov/mods/v3" xmlns:xsi="http://www.w3.org/2001/XMLSchema-instance" xmlns:xlink="http://www.w3.org/1999/xlink" version="3.6" xsi:schemaLocation="http://www.loc.gov/mods/v3 http://cluster-schemas.uni-hd.de/modsCluster.xsd" ID="uuid-04E7218B-D511-4240-B8EA-31294C21F0EA"><name type="personal" xlink:href=""><namePart lang="chi" script="Hant">酒井昇造速記　三遊亭圓朝口述</namePart><role><roleTerm type="text">author</roleTerm></role></name><titleInfo lang="chi" script="Hant"><title>福祿壽</title></titleInfo><note type="citation">日本書目志,卷十四,小說門,小說,p 1175</note><note type="price">一角</note><identifier type="mh">book_8062</identifier></mods>