<mods xmlns="http://www.loc.gov/mods/v3" xmlns:xsi="http://www.w3.org/2001/XMLSchema-instance" xmlns:xlink="http://www.w3.org/1999/xlink" version="3.6" xsi:schemaLocation="http://www.loc.gov/mods/v3 http://cluster-schemas.uni-hd.de/modsCluster.xsd" ID="uuid-0DA627CF-E9BC-4C37-AAC0-EAF218142EE2"><name type="personal" xlink:href=""><namePart lang="chi" script="Hant">福羽美靜</namePart><role><roleTerm type="text">author</roleTerm></role></name><titleInfo lang="chi" script="Hant"><title>國民之本義</title></titleInfo><note type="citation">日本書目志,卷十,教育門,教訓教草修身雜書類,p 912</note><note type="price">五分</note><identifier type="mh">book_4471</identifier></mods>