<mods xmlns="http://www.loc.gov/mods/v3" xmlns:xsi="http://www.w3.org/2001/XMLSchema-instance" xmlns:xlink="http://www.w3.org/1999/xlink" version="3.6" xsi:schemaLocation="http://www.loc.gov/mods/v3 http://cluster-schemas.uni-hd.de/modsCluster.xsd" ID="uuid-0CD5E276-0388-4221-AB7F-C14FB0FBAA18"><name type="personal" xlink:href=""><namePart lang="chi" script="Hant">長谷川政忠編</namePart><role><roleTerm type="text">author</roleTerm></role></name><titleInfo lang="chi" script="Hant"><title> 校訂增補 訓蒙康熙字典</title></titleInfo><note type="citation">日本書目志,卷十二,文字語言門,辭書,p 1067</note><note type="price">五角</note><identifier type="mh">book_6567</identifier></mods>