<mods xmlns="http://www.loc.gov/mods/v3" xmlns:xsi="http://www.w3.org/2001/XMLSchema-instance" xmlns:xlink="http://www.w3.org/1999/xlink" version="3.6" xsi:schemaLocation="http://www.loc.gov/mods/v3 http://cluster-schemas.uni-hd.de/modsCluster.xsd" ID="uuid-04D978FF-8232-4270-ACF8-153291F54A6A"><name type="personal" xlink:href=""><namePart lang="chi" script="Hant">箱石東馬編述</namePart><role><roleTerm type="text">author</roleTerm></role></name><titleInfo lang="chi" script="Hant"><title>箱石釀造法質問錄</title></titleInfo><note type="citation">日本書目志,卷八,工業門,釀造書,p 883</note><note type="price">五角</note><identifier type="mh">book_4182</identifier></mods>