<mods xmlns="http://www.loc.gov/mods/v3" xmlns:xsi="http://www.w3.org/2001/XMLSchema-instance" xmlns:xlink="http://www.w3.org/1999/xlink" version="3.6" xsi:schemaLocation="http://www.loc.gov/mods/v3 http://cluster-schemas.uni-hd.de/modsCluster.xsd" ID="uuid-03B1784C-A072-477A-BD37-1386F5F17A43"><name type="personal" xlink:href=""><namePart lang="chi" script="Hant">多田滿、木多知治共編</namePart><role><roleTerm type="text">author</roleTerm></role></name><titleInfo lang="chi" script="Hant"><title> 訂正三板 蠶絲業全書</title></titleInfo><note type="citation">日本書目志,卷七,農業門,蠶桑書,p 856</note><note type="price">二角五分</note><identifier type="mh">book_3949</identifier></mods>