<mods xmlns="http://www.loc.gov/mods/v3" xmlns:xsi="http://www.w3.org/2001/XMLSchema-instance" xmlns:xlink="http://www.w3.org/1999/xlink" version="3.6" xsi:schemaLocation="http://www.loc.gov/mods/v3 http://cluster-schemas.uni-hd.de/modsCluster.xsd" ID="uuid-022D89E8-5C19-4CA4-B46A-2C909757976A"><name type="personal" xlink:href=""><namePart lang="chi" script="Hant">谷口政德</namePart><role><roleTerm type="text">author</roleTerm></role></name><titleInfo lang="chi" script="Hant"><title> 實用教育 農工學校 《通俗教育全書》六篇 </title></titleInfo><note type="citation">日本書目志,卷十,教育門,教育雜書,p 944</note><note type="price">一角二分</note><identifier type="mh">book_4874</identifier></mods>