<mods xmlns="http://www.loc.gov/mods/v3" xmlns:xsi="http://www.w3.org/2001/XMLSchema-instance" xmlns:xlink="http://www.w3.org/1999/xlink" version="3.6" xsi:schemaLocation="http://www.loc.gov/mods/v3 http://cluster-schemas.uni-hd.de/modsCluster.xsd" ID="uuid-07B0EE9A-F21D-4952-A044-CB034B51337D"><name type="personal" xlink:href=""><namePart lang="chi" script="Hant">茨城師範學校編</namePart><role><roleTerm type="text">author</roleTerm></role></name><titleInfo lang="chi" script="Hant"><title>單語綴字圖 小學校用 </title></titleInfo><note type="citation">日本書目志,卷十,教育門,小學讀本掛圖,p 938</note><note type="price">二角四分</note><identifier type="mh">book_4818</identifier></mods>