<mods xmlns="http://www.loc.gov/mods/v3" xmlns:xsi="http://www.w3.org/2001/XMLSchema-instance" xmlns:xlink="http://www.w3.org/1999/xlink" version="3.6" xsi:schemaLocation="http://www.loc.gov/mods/v3 http://cluster-schemas.uni-hd.de/modsCluster.xsd" ID="uuid-08E5FDAF-754A-4090-8490-4255DE3E1917"><titleInfo lang="chi" script="Hant"><title>記行文選 《通俗文學全書》第六篇 </title></titleInfo><note type="citation">日本書目志,卷四,圖史門,記行,p 729</note><note type="price">一角五分</note><identifier type="mh">book_2585</identifier></mods>