<mods xmlns="http://www.loc.gov/mods/v3" xmlns:xsi="http://www.w3.org/2001/XMLSchema-instance" xmlns:xlink="http://www.w3.org/1999/xlink" version="3.6" xsi:schemaLocation="http://www.loc.gov/mods/v3 http://cluster-schemas.uni-hd.de/modsCluster.xsd" ID="uuid-0A2F0AE3-3A29-4E6A-8CB5-9BE51BEB9349"><name type="personal" xlink:href=""><namePart lang="chi" script="Hant">小島豐一著</namePart><role><roleTerm type="text">author</roleTerm></role></name><titleInfo lang="chi" script="Hant"><title>小學句讀字引大全</title></titleInfo><note type="citation">日本書目志,卷十二,文字語言門,讀書字類,p 1082</note><note type="price">一角五分</note><identifier type="mh">book_6794</identifier></mods>