<mods xmlns="http://www.loc.gov/mods/v3" xmlns:xsi="http://www.w3.org/2001/XMLSchema-instance" xmlns:xlink="http://www.w3.org/1999/xlink" version="3.6" xsi:schemaLocation="http://www.loc.gov/mods/v3 http://cluster-schemas.uni-hd.de/modsCluster.xsd" ID="uuid-04686D07-BA5C-4F7B-9819-7CE0454C1D55"><name type="personal" xlink:href=""><namePart lang="chi" script="Hant">伴直之助</namePart><role><roleTerm type="text">author</roleTerm></role></name><titleInfo lang="chi" script="Hant"><title> 英文 日光案內</title></titleInfo><note type="citation">日本書目志,卷四,圖史門,旅行案內及道中記,p 735</note><note type="price">二角</note><identifier type="mh">book_2661</identifier></mods>