<mods xmlns="http://www.loc.gov/mods/v3" xmlns:xsi="http://www.w3.org/2001/XMLSchema-instance" xmlns:xlink="http://www.w3.org/1999/xlink" version="3.6" xsi:schemaLocation="http://www.loc.gov/mods/v3 http://cluster-schemas.uni-hd.de/modsCluster.xsd" ID="uuid-08A70E81-9C07-44FD-8873-7470FBBFDFD3"><name type="personal" xlink:href=""><namePart lang="chi" script="Hant">佛國人原著　山崎直胤抄譯</namePart><role><roleTerm type="text">author</roleTerm></role></name><titleInfo lang="chi" script="Hant"><title>租稅說</title></titleInfo><note type="citation">日本書目志,卷五,政治門,財政學,p 757</note><note type="price">四角</note><identifier type="mh">book_2887</identifier></mods>