<mods xmlns="http://www.loc.gov/mods/v3" xmlns:xsi="http://www.w3.org/2001/XMLSchema-instance" xmlns:xlink="http://www.w3.org/1999/xlink" version="3.6" xsi:schemaLocation="http://www.loc.gov/mods/v3 http://cluster-schemas.uni-hd.de/modsCluster.xsd" ID="uuid-06EB2CAB-FC63-4804-ACA2-824084711AF8"><titleInfo lang="chi" script="Hant"><title>鍍金</title></titleInfo><note type="citation">增版東西學書錄,卷二,工蓺第八,雜蓺,p 156</note><abstract type="summary"> 鍍金四卷 不著撰人名氏，[美]金楷理譯，徐華封述。　富強叢書本  </abstract><identifier type="mh">book_419</identifier></mods>