<mods xmlns="http://www.loc.gov/mods/v3" xmlns:xsi="http://www.w3.org/2001/XMLSchema-instance" xmlns:xlink="http://www.w3.org/1999/xlink" version="3.6" xsi:schemaLocation="http://www.loc.gov/mods/v3 http://cluster-schemas.uni-hd.de/modsCluster.xsd" ID="uuid-05A1D7BC-2BD2-48B5-B243-4D38FFFAD41A"><name type="personal" xlink:href=""><namePart lang="chi" script="Hant">藤代禎輔譯</namePart><role><roleTerm type="text">author</roleTerm></role></name><titleInfo lang="chi" script="Hant"><title>麟氏教育學</title></titleInfo><note type="citation">日本書目志,卷十,教育門,教育學書,p 930</note><identifier type="mh">book_4718</identifier></mods>