<mods xmlns="http://www.loc.gov/mods/v3" xmlns:xsi="http://www.w3.org/2001/XMLSchema-instance" xmlns:xlink="http://www.w3.org/1999/xlink" version="3.6" xsi:schemaLocation="http://www.loc.gov/mods/v3 http://cluster-schemas.uni-hd.de/modsCluster.xsd" ID="uuid-0CEC849F-2842-4362-A770-03EDA117313F"><name type="personal" xlink:href=""><namePart lang="chi" script="Hant">松村半山等畫</namePart><role><roleTerm type="text">author</roleTerm></role></name><titleInfo lang="chi" script="Hant"><title>名家地口畫譜</title></titleInfo><note type="citation">日本書目志,卷十三,美術門,繪畫書,p 1095</note><note type="price">一角五分</note><identifier type="mh">book_6936</identifier></mods>