<mods xmlns="http://www.loc.gov/mods/v3" xmlns:xsi="http://www.w3.org/2001/XMLSchema-instance" xmlns:xlink="http://www.w3.org/1999/xlink" version="3.6" xsi:schemaLocation="http://www.loc.gov/mods/v3 http://cluster-schemas.uni-hd.de/modsCluster.xsd" ID="uuid-00EA008B-7415-4E92-9FC5-9797792E41E4"><name type="personal" xlink:href=""><namePart lang="chi" script="Hant">岸田吟香著</namePart><role><roleTerm type="text">author</roleTerm></role></name><titleInfo lang="chi" script="Hant"><title>清國地誌</title></titleInfo><note type="citation">日本書目志,卷四,圖史門,各國地理,p 676</note><note type="price">一圓二角</note><identifier type="mh">book_1865</identifier></mods>