<mods xmlns="http://www.loc.gov/mods/v3" xmlns:xsi="http://www.w3.org/2001/XMLSchema-instance" xmlns:xlink="http://www.w3.org/1999/xlink" version="3.6" xsi:schemaLocation="http://www.loc.gov/mods/v3 http://cluster-schemas.uni-hd.de/modsCluster.xsd" ID="uuid-08548718-0C88-40F9-9163-8ACB48327EF7"><name type="personal" xlink:href=""><namePart lang="chi" script="Hant">翻刻</namePart><role><roleTerm type="text">author</roleTerm></role></name><titleInfo lang="chi" script="Hant"><title>化學初步</title></titleInfo><note type="citation">日本書目志,卷二,理學門,橫文化學,p 634</note><note type="price">二角</note><identifier type="mh">book_1424</identifier></mods>