<mods xmlns="http://www.loc.gov/mods/v3" xmlns:xsi="http://www.w3.org/2001/XMLSchema-instance" xmlns:xlink="http://www.w3.org/1999/xlink" version="3.6" xsi:schemaLocation="http://www.loc.gov/mods/v3 http://cluster-schemas.uni-hd.de/modsCluster.xsd" ID="uuid-07AD2D62-836B-487A-82B6-D60F23D443BD"><titleInfo lang="chi" script="Hant"><title>種印度粟法</title></titleInfo><note type="citation">增版東西學書錄,卷二,農政第六,樹蓺,p 130</note><abstract type="summary"> 種印度粟法一卷 農學報本   直隸臬署原譯，羅振玉編，印度粟俗名番麥，亦名珍珠米，中國稱玉米亦稱王 粟黍，亦稱包穀，此粟利用甚廣，可充食、可製酒、可飼牲稈、可製糖，中國則僅知 杵以為糜而已。此書言其種法甚詳。 </abstract><identifier type="mh">book_309</identifier></mods>