<mods xmlns="http://www.loc.gov/mods/v3" xmlns:xsi="http://www.w3.org/2001/XMLSchema-instance" xmlns:xlink="http://www.w3.org/1999/xlink" version="3.6" xsi:schemaLocation="http://www.loc.gov/mods/v3 http://cluster-schemas.uni-hd.de/modsCluster.xsd" ID="uuid-08532E71-2E8F-4E21-9A29-3F42403ADFAB"><name type="personal" xlink:href=""><namePart lang="chi" script="Hant">葛飾北齋畫</namePart><role><roleTerm type="text">author</roleTerm></role></name><titleInfo lang="chi" script="Hant"><title>北齋花鳥畫傳</title></titleInfo><note type="citation">日本書目志,卷十三,美術門,繪畫書,p 1100</note><note type="price">六角六分</note><identifier type="mh">book_7007</identifier></mods>