<mods xmlns="http://www.loc.gov/mods/v3" xmlns:xsi="http://www.w3.org/2001/XMLSchema-instance" xmlns:xlink="http://www.w3.org/1999/xlink" version="3.6" xsi:schemaLocation="http://www.loc.gov/mods/v3 http://cluster-schemas.uni-hd.de/modsCluster.xsd" ID="uuid-0D6DF92B-584F-4609-8397-752F1FD78676"><name type="personal" xlink:href=""><namePart lang="chi" script="Hant">萱間左右太編</namePart><role><roleTerm type="text">author</roleTerm></role></name><titleInfo lang="chi" script="Hant"><title>福島縣管內地圖</title></titleInfo><note type="citation">日本書目志,卷四,圖史門,府縣及分國圖,p 693</note><note type="price">二角</note><identifier type="mh">book_2106</identifier></mods>