<mods xmlns="http://www.loc.gov/mods/v3" xmlns:xsi="http://www.w3.org/2001/XMLSchema-instance" xmlns:xlink="http://www.w3.org/1999/xlink" version="3.6" xsi:schemaLocation="http://www.loc.gov/mods/v3 http://cluster-schemas.uni-hd.de/modsCluster.xsd" ID="uuid-0D77E3D4-D179-42AB-BFCC-D08079552996"><name type="personal" xlink:href=""><namePart lang="chi" script="Hant">草野宣隆譯</namePart><role><roleTerm type="text">author</roleTerm></role></name><titleInfo lang="chi" script="Hant"><title>人權宣告辨妄</title></titleInfo><note type="citation">日本書目志,卷六,法律門,國法學,p 782</note><note type="price">五角</note><identifier type="mh">book_3168</identifier></mods>