<mods xmlns="http://www.loc.gov/mods/v3" xmlns:xsi="http://www.w3.org/2001/XMLSchema-instance" xmlns:xlink="http://www.w3.org/1999/xlink" version="3.6" xsi:schemaLocation="http://www.loc.gov/mods/v3 http://cluster-schemas.uni-hd.de/modsCluster.xsd" ID="uuid-007D27D5-53E3-47C5-9EAA-31C2D71B2746"><name type="personal" xlink:href=""><namePart lang="chi" script="Hant">文部省藏板</namePart><role><roleTerm type="text">author</roleTerm></role></name><titleInfo lang="chi" script="Hant"><title> 《百科全書》內 馬</title></titleInfo><note type="citation">日本書目志,卷七,農業門,畜牧書,p 847</note><note type="price">二角</note><identifier type="mh">book_3832</identifier></mods>