<mods xmlns="http://www.loc.gov/mods/v3" xmlns:xsi="http://www.w3.org/2001/XMLSchema-instance" xmlns:xlink="http://www.w3.org/1999/xlink" version="3.6" xsi:schemaLocation="http://www.loc.gov/mods/v3 http://cluster-schemas.uni-hd.de/modsCluster.xsd" ID="uuid-069FE9E3-A2D9-4229-9167-790C2358941B"><name type="personal" xlink:href=""><namePart lang="chi" script="Hant">米良石操編</namePart><role><roleTerm type="text">author</roleTerm></role></name><titleInfo lang="chi" script="Hant"><title>宋名臣言行錄定釋</title></titleInfo><note type="citation">日本書目志,卷十,教育門,言行錄,p 922</note><note type="price">二圓五角五分</note><identifier type="mh">book_4619</identifier></mods>