<mods xmlns="http://www.loc.gov/mods/v3" xmlns:xsi="http://www.w3.org/2001/XMLSchema-instance" xmlns:xlink="http://www.w3.org/1999/xlink" version="3.6" xsi:schemaLocation="http://www.loc.gov/mods/v3 http://cluster-schemas.uni-hd.de/modsCluster.xsd" ID="uuid-090FA005-90FA-4EA1-86E2-721B584B8F3A"><name type="personal" xlink:href=""><namePart lang="chi" script="Hant">一立齋廣重畫</namePart><role><roleTerm type="text">author</roleTerm></role></name><titleInfo lang="chi" script="Hant"><title>富嶽真景</title></titleInfo><note type="citation">日本書目志,卷十三,美術門,繪畫書,p 1099</note><note type="price">五角</note><identifier type="mh">book_7003</identifier></mods>