<mods xmlns="http://www.loc.gov/mods/v3" xmlns:xsi="http://www.w3.org/2001/XMLSchema-instance" xmlns:xlink="http://www.w3.org/1999/xlink" version="3.6" xsi:schemaLocation="http://www.loc.gov/mods/v3 http://cluster-schemas.uni-hd.de/modsCluster.xsd" ID="uuid-0085A8A5-B2A8-4618-A72E-FFB0F160CF0F"><name type="personal" xlink:href=""><namePart lang="chi" script="Hant">石川鴻齋編</namePart><role><roleTerm type="text">author</roleTerm></role></name><titleInfo lang="chi" script="Hant"><title>小學日本文範</title></titleInfo><note type="citation">日本書目志,卷十二,文字語言門,作文書學校用,p 1042</note><note type="price">一角五分</note><identifier type="mh">book_6212</identifier></mods>