<mods xmlns="http://www.loc.gov/mods/v3" xmlns:xsi="http://www.w3.org/2001/XMLSchema-instance" xmlns:xlink="http://www.w3.org/1999/xlink" version="3.6" xsi:schemaLocation="http://www.loc.gov/mods/v3 http://cluster-schemas.uni-hd.de/modsCluster.xsd" ID="uuid-00F49165-DEF2-4786-8AB8-497531349802"><name type="personal" xlink:href=""><namePart lang="chi" script="Hant">大藏省印刷局藏版</namePart><role><roleTerm type="text">author</roleTerm></role></name><titleInfo lang="chi" script="Hant"><title>大日本貨幣史</title></titleInfo><note type="citation">日本書目志,卷五,政治門,經濟學,p 768</note><note type="price">六圓八分</note><identifier type="mh">book_3022</identifier></mods>