<mods xmlns="http://www.loc.gov/mods/v3" xmlns:xsi="http://www.w3.org/2001/XMLSchema-instance" xmlns:xlink="http://www.w3.org/1999/xlink" version="3.6" xsi:schemaLocation="http://www.loc.gov/mods/v3 http://cluster-schemas.uni-hd.de/modsCluster.xsd" ID="uuid-00530BB0-7FE9-4BE7-80B2-3187BD56EE06"><name type="personal" xlink:href=""><namePart lang="chi" script="Hant">江馬春熙著</namePart><role><roleTerm type="text">author</roleTerm></role></name><titleInfo lang="chi" script="Hant"><title>普通生理學</title></titleInfo><note type="citation">日本書目志,卷一,生理門,生理學通俗,p 593</note><note type="price">一角</note><identifier type="mh">book_968</identifier></mods>