<mods xmlns="http://www.loc.gov/mods/v3" xmlns:xsi="http://www.w3.org/2001/XMLSchema-instance" xmlns:xlink="http://www.w3.org/1999/xlink" version="3.6" xsi:schemaLocation="http://www.loc.gov/mods/v3 http://cluster-schemas.uni-hd.de/modsCluster.xsd" ID="uuid-0CA0415E-50A3-4262-B78B-40B5DCF9F220"><name type="personal" xlink:href=""><namePart lang="chi" script="Hant">織田</namePart><role><roleTerm type="text">author</roleTerm></role></name><titleInfo lang="chi" script="Hant"><title>治罪法註釋</title></titleInfo><note type="citation">日本書目志,卷六,法律門,治罪法,p 802</note><note type="price">二圓五角</note><identifier type="mh">book_3444</identifier></mods>