<mods xmlns="http://www.loc.gov/mods/v3" xmlns:xsi="http://www.w3.org/2001/XMLSchema-instance" xmlns:xlink="http://www.w3.org/1999/xlink" version="3.6" xsi:schemaLocation="http://www.loc.gov/mods/v3 http://cluster-schemas.uni-hd.de/modsCluster.xsd" ID="uuid-019C06E4-1189-4501-ADD1-3A8472A8D1A2"><name type="personal" xlink:href=""><namePart lang="chi" script="Hant">井上哲二郎著</namePart><role><roleTerm type="text">author</roleTerm></role></name><titleInfo lang="chi" script="Hant"><title>巽軒詩鈔</title></titleInfo><note type="citation">日本書目志,卷十一,文學門,詩集,p 974</note><note type="price">五角</note><identifier type="mh">book_5260</identifier></mods>