<mods xmlns="http://www.loc.gov/mods/v3" xmlns:xsi="http://www.w3.org/2001/XMLSchema-instance" xmlns:xlink="http://www.w3.org/1999/xlink" version="3.6" xsi:schemaLocation="http://www.loc.gov/mods/v3 http://cluster-schemas.uni-hd.de/modsCluster.xsd" ID="uuid-05EA6C84-87B9-4EB2-B973-F450D9B2E485"><name type="personal" xlink:href=""><namePart lang="chi" script="Hant">內藤加我編輯</namePart><role><roleTerm type="text">author</roleTerm></role></name><titleInfo lang="chi" script="Hant"><title>高野長英夢譚</title></titleInfo><note type="citation">日本書目志,卷十四,小說門,小說,p 1178</note><note type="price">一角</note><identifier type="mh">book_8102</identifier></mods>