<mods xmlns="http://www.loc.gov/mods/v3" xmlns:xsi="http://www.w3.org/2001/XMLSchema-instance" xmlns:xlink="http://www.w3.org/1999/xlink" version="3.6" xsi:schemaLocation="http://www.loc.gov/mods/v3 http://cluster-schemas.uni-hd.de/modsCluster.xsd" ID="uuid-044078E6-9BC5-44F6-9EF7-D0D09E183432"><name type="personal" xlink:href=""><namePart lang="chi" script="Hant">橫井時雄、原田助合著</namePart><role><roleTerm type="text">author</roleTerm></role></name><titleInfo lang="chi" script="Hant"><title>日本之道德及基督教</title></titleInfo><note type="citation">日本書目志,卷三,宗教門,雜教類,p 668</note><note type="price">八分</note><identifier type="mh">book_1802</identifier></mods>