<mods xmlns="http://www.loc.gov/mods/v3" xmlns:xsi="http://www.w3.org/2001/XMLSchema-instance" xmlns:xlink="http://www.w3.org/1999/xlink" version="3.6" xsi:schemaLocation="http://www.loc.gov/mods/v3 http://cluster-schemas.uni-hd.de/modsCluster.xsd" ID="uuid-0647E578-374D-46DD-BD03-DF896A6604A6"><name type="personal" xlink:href=""><namePart lang="chi" script="Hant">丹羽瀧男著</namePart><role><roleTerm type="text">author</roleTerm></role></name><titleInfo lang="chi" script="Hant"><title>大日本速記法</title></titleInfo><note type="citation">日本書目志,卷十二,文字語言門,速記法,p 1085</note><note type="price">二角</note><identifier type="mh">book_6839</identifier></mods>