<mods xmlns="http://www.loc.gov/mods/v3" xmlns:xsi="http://www.w3.org/2001/XMLSchema-instance" xmlns:xlink="http://www.w3.org/1999/xlink" version="3.6" xsi:schemaLocation="http://www.loc.gov/mods/v3 http://cluster-schemas.uni-hd.de/modsCluster.xsd" ID="uuid-0CAEF8FC-5134-4A30-A810-8796D9338574"><name type="personal" xlink:href=""><namePart lang="chi" script="Hant">山形縣學務課編纂</namePart><role><roleTerm type="text">author</roleTerm></role></name><titleInfo lang="chi" script="Hant"><title>小學習字帖 小學校用 </title></titleInfo><note type="citation">日本書目志,卷十一,文學門,習字帖小學校用,p 1023</note><note type="price">八角四分</note><identifier type="mh">book_5969</identifier></mods>