<mods xmlns="http://www.loc.gov/mods/v3" xmlns:xsi="http://www.w3.org/2001/XMLSchema-instance" xmlns:xlink="http://www.w3.org/1999/xlink" version="3.6" xsi:schemaLocation="http://www.loc.gov/mods/v3 http://cluster-schemas.uni-hd.de/modsCluster.xsd" ID="uuid-0151F279-9A43-47DD-9AB0-71F0B4F7D9B8"><name type="personal" xlink:href=""><namePart lang="chi" script="Hant">石川藤次</namePart><role><roleTerm type="text">author</roleTerm></role></name><titleInfo lang="chi" script="Hant"><title>國會議員選舉心得</title></titleInfo><note type="citation">日本書目志,卷五,政治門,議院書,p 746</note><note type="price">一角</note><identifier type="mh">book_2748</identifier></mods>