<mods xmlns="http://www.loc.gov/mods/v3" xmlns:xsi="http://www.w3.org/2001/XMLSchema-instance" xmlns:xlink="http://www.w3.org/1999/xlink" version="3.6" xsi:schemaLocation="http://www.loc.gov/mods/v3 http://cluster-schemas.uni-hd.de/modsCluster.xsd" ID="uuid-03FCB92D-113D-41CD-AF51-C8E286E40A44"><titleInfo lang="chi" script="Hant"><title>新定唱歌 小學校用 </title></titleInfo><note type="citation">日本書目志,卷十一,文學門,唱歌集,p 996</note><identifier type="mh">book_5571</identifier></mods>