<mods xmlns="http://www.loc.gov/mods/v3" xmlns:xsi="http://www.w3.org/2001/XMLSchema-instance" xmlns:xlink="http://www.w3.org/1999/xlink" version="3.6" xsi:schemaLocation="http://www.loc.gov/mods/v3 http://cluster-schemas.uni-hd.de/modsCluster.xsd" ID="uuid-051C5411-4E5E-4721-9681-A1F41128C255"><name type="personal" xlink:href=""><namePart lang="chi" script="Hant">後藤校</namePart><role><roleTerm type="text">author</roleTerm></role></name><titleInfo lang="chi" script="Hant"><title> 改正 四書字引畧註</title></titleInfo><note type="citation">日本書目志,卷十二,文字語言門,讀書字類,p 1081</note><note type="price">五分</note><identifier type="mh">book_6774</identifier></mods>