<mods xmlns="http://www.loc.gov/mods/v3" xmlns:xsi="http://www.w3.org/2001/XMLSchema-instance" xmlns:xlink="http://www.w3.org/1999/xlink" version="3.6" xsi:schemaLocation="http://www.loc.gov/mods/v3 http://cluster-schemas.uni-hd.de/modsCluster.xsd" ID="uuid-021AFFBC-3710-4AEB-B72C-6C32D5A46534"><name type="personal" xlink:href=""><namePart lang="chi" script="Hant">宫崎蘇庵編纂　藤本真校閱</namePart><role><roleTerm type="text">author</roleTerm></role></name><titleInfo lang="chi" script="Hant"><title>新撰小學歷史字引</title></titleInfo><note type="citation">日本書目志,卷十二,文字語言門,讀書字類,p 1085</note><note type="price">一角一分</note><identifier type="mh">book_6833</identifier></mods>