<mods xmlns="http://www.loc.gov/mods/v3" xmlns:xsi="http://www.w3.org/2001/XMLSchema-instance" xmlns:xlink="http://www.w3.org/1999/xlink" version="3.6" xsi:schemaLocation="http://www.loc.gov/mods/v3 http://cluster-schemas.uni-hd.de/modsCluster.xsd" ID="uuid-02E9DAAB-04EC-4E4A-8C46-5503C6E34B7A"><name type="personal" xlink:href=""><namePart lang="chi" script="Hant">水原勝之助著</namePart><role><roleTerm type="text">author</roleTerm></role></name><titleInfo lang="chi" script="Hant"><title>家畜眼科學</title></titleInfo><note type="citation">日本書目志,卷一,生理門,獸醫學,p 618</note><note type="price">五角</note><identifier type="mh">book_1267</identifier></mods>