<mods xmlns="http://www.loc.gov/mods/v3" xmlns:xsi="http://www.w3.org/2001/XMLSchema-instance" xmlns:xlink="http://www.w3.org/1999/xlink" version="3.6" xsi:schemaLocation="http://www.loc.gov/mods/v3 http://cluster-schemas.uni-hd.de/modsCluster.xsd" ID="uuid-0C033475-AC09-49FB-8086-870870B4F82C"><titleInfo lang="chi" script="Hant"><title>酒井大老傳</title></titleInfo><note type="citation">日本書目志,卷十四,小說門,小說,p 1183</note><note type="price">七分</note><identifier type="mh">book_8181</identifier></mods>