<mods xmlns="http://www.loc.gov/mods/v3" xmlns:xsi="http://www.w3.org/2001/XMLSchema-instance" xmlns:xlink="http://www.w3.org/1999/xlink" version="3.6" xsi:schemaLocation="http://www.loc.gov/mods/v3 http://cluster-schemas.uni-hd.de/modsCluster.xsd" ID="uuid-023E33FB-D059-47BF-9ACE-F909FAA9F744"><titleInfo lang="chi" script="Hant"><title>鈴木主水榮枯錄</title></titleInfo><note type="citation">日本書目志,卷十四,小說門,小說,p 1202</note><note type="price">三角</note><identifier type="mh">book_8473</identifier></mods>