<mods xmlns="http://www.loc.gov/mods/v3" xmlns:xsi="http://www.w3.org/2001/XMLSchema-instance" xmlns:xlink="http://www.w3.org/1999/xlink" version="3.6" xsi:schemaLocation="http://www.loc.gov/mods/v3 http://cluster-schemas.uni-hd.de/modsCluster.xsd" ID="uuid-06A56AEC-86D7-464C-9F6E-B13B79CDDD64"><name type="personal" xlink:href=""><namePart lang="chi" script="Hant">松林伯圓著</namePart><role><roleTerm type="text">author</roleTerm></role></name><titleInfo lang="chi" script="Hant"><title>鳴戶奇談船幽靈</title></titleInfo><note type="citation">日本書目志,卷十四,小說門,小說,p 1167</note><note type="price">一角八分</note><identifier type="mh">book_7944</identifier></mods>