<mods xmlns="http://www.loc.gov/mods/v3" xmlns:xsi="http://www.w3.org/2001/XMLSchema-instance" xmlns:xlink="http://www.w3.org/1999/xlink" version="3.6" xsi:schemaLocation="http://www.loc.gov/mods/v3 http://cluster-schemas.uni-hd.de/modsCluster.xsd" ID="uuid-07538D73-6C40-4CB1-85B5-9AD1A77EB610"><name type="personal" xlink:href=""><namePart lang="chi" script="Hant">白井毅編</namePart><role><roleTerm type="text">author</roleTerm></role></name><titleInfo lang="chi" script="Hant"><title>學級教授術</title></titleInfo><note type="citation">日本書目志,卷十,教育門,實地教育,p 933</note><note type="price">五角</note><identifier type="mh">book_4767</identifier></mods>