<mods xmlns="http://www.loc.gov/mods/v3" xmlns:xsi="http://www.w3.org/2001/XMLSchema-instance" xmlns:xlink="http://www.w3.org/1999/xlink" version="3.6" xsi:schemaLocation="http://www.loc.gov/mods/v3 http://cluster-schemas.uni-hd.de/modsCluster.xsd" ID="uuid-030C3981-4DA6-4726-AB1B-3A409567FAAE"><titleInfo lang="chi" script="Hant"><title>天演論</title></titleInfo><note type="citation">增版東西學書錄,卷四,理學第二十五,理學,p 258</note><abstract type="summary"> 天演論二卷 侯官嗜奇精舍石印本　上海重印本   [英]赫胥黎著，嚴復達指，因斯氏創任天為治之論，而赫氏盡變其說，謂天不可 獨任貴乎，以人持天所論保種保羣自強進化之公理，皆與斯氏異說，以救斯 氏之末流，其有稗於國計民生，殆非淺尠。是書經嚴幾道觀察譯，而文之縱橫 奧頡，大能達其旨趣，附著論說復能曲申其義例，中譯之善本，無有過於此書。 者 英斯賓塞爾撰，有羣誼篇[　]拍捷特撰，有格致治平相關論，皆嚴復譯成未刻；國聞彙編有嚴復譯斯氏勸學篇，亦未刻全。  </abstract><identifier type="mh">book_798</identifier></mods>