<mods xmlns="http://www.loc.gov/mods/v3" xmlns:xsi="http://www.w3.org/2001/XMLSchema-instance" xmlns:xlink="http://www.w3.org/1999/xlink" version="3.6" xsi:schemaLocation="http://www.loc.gov/mods/v3 http://cluster-schemas.uni-hd.de/modsCluster.xsd" ID="uuid-0CF47EA6-1C1A-425E-A198-7B9157651F06"><name type="personal" xlink:href=""><namePart lang="chi" script="Hant">帝國大學</namePart><role><roleTerm type="text">author</roleTerm></role></name><titleInfo lang="chi" script="Hant"><title>帝國大學一覽</title></titleInfo><note type="citation">日本書目志,卷十,教育門,教育雜書,p 945</note><note type="price">三角</note><identifier type="mh">book_4881</identifier></mods>