<mods xmlns="http://www.loc.gov/mods/v3" xmlns:xsi="http://www.w3.org/2001/XMLSchema-instance" xmlns:xlink="http://www.w3.org/1999/xlink" version="3.6" xsi:schemaLocation="http://www.loc.gov/mods/v3 http://cluster-schemas.uni-hd.de/modsCluster.xsd" ID="uuid-084F0B16-A2F4-4E4F-A090-CCFE42DEE0EA"><name type="personal" xlink:href=""><namePart lang="chi" script="Hant">小林義則編　卷菱潭書</namePart><role><roleTerm type="text">author</roleTerm></role></name><titleInfo lang="chi" script="Hant"><title>簡易習字帖 小學校用 </title></titleInfo><note type="citation">日本書目志,卷十一,文學門,習字帖小學校用,p 1022</note><note type="price">四角五分</note><identifier type="mh">book_5950</identifier></mods>