<mods xmlns="http://www.loc.gov/mods/v3" xmlns:xsi="http://www.w3.org/2001/XMLSchema-instance" xmlns:xlink="http://www.w3.org/1999/xlink" version="3.6" xsi:schemaLocation="http://www.loc.gov/mods/v3 http://cluster-schemas.uni-hd.de/modsCluster.xsd" ID="uuid-0C3D53DE-6766-4D9D-9F25-2F605F28A8CA"><name type="personal" xlink:href=""><namePart lang="chi" script="Hant">堀三反著</namePart><role><roleTerm type="text">author</roleTerm></role></name><titleInfo lang="chi" script="Hant"><title>行政裁判法要論</title></titleInfo><note type="citation">日本書目志,卷六,法律門,裁判所構成法,p 802</note><note type="price">二角五分</note><identifier type="mh">book_3448</identifier></mods>