<mods xmlns="http://www.loc.gov/mods/v3" xmlns:xsi="http://www.w3.org/2001/XMLSchema-instance" xmlns:xlink="http://www.w3.org/1999/xlink" version="3.6" xsi:schemaLocation="http://www.loc.gov/mods/v3 http://cluster-schemas.uni-hd.de/modsCluster.xsd" ID="uuid-079F5377-925E-40AA-A0E7-39C47296FA19"><name type="personal" xlink:href=""><namePart lang="chi" script="Hant">松榮堂</namePart><role><roleTerm type="text">author</roleTerm></role></name><titleInfo lang="chi" script="Hant"><title>永代大雜書三世相</title></titleInfo><note type="citation">日本書目志,卷十三,美術門,大雜書,p 1139</note><note type="price">一角五分</note><identifier type="mh">book_7549</identifier></mods>