<mods xmlns="http://www.loc.gov/mods/v3" xmlns:xsi="http://www.w3.org/2001/XMLSchema-instance" xmlns:xlink="http://www.w3.org/1999/xlink" version="3.6" xsi:schemaLocation="http://www.loc.gov/mods/v3 http://cluster-schemas.uni-hd.de/modsCluster.xsd" ID="uuid-0171CFA8-8828-4FFB-8FDA-7C48FF3F9A8A"><name type="personal" xlink:href=""><namePart lang="chi" script="Hant">砂川雄健編</namePart><role><roleTerm type="text">author</roleTerm></role></name><titleInfo lang="chi" script="Hant"><title>明治響洋歌集</title></titleInfo><note type="citation">日本書目志,卷十一,文學門,歌集,p 983</note><note type="price">六角</note><identifier type="mh">book_5394</identifier></mods>