<mods xmlns="http://www.loc.gov/mods/v3" xmlns:xsi="http://www.w3.org/2001/XMLSchema-instance" xmlns:xlink="http://www.w3.org/1999/xlink" version="3.6" xsi:schemaLocation="http://www.loc.gov/mods/v3 http://cluster-schemas.uni-hd.de/modsCluster.xsd" ID="uuid-04BFD1CB-5ADD-4E5C-8A00-107681AAB667"><titleInfo lang="chi" script="Hant"><title>明治書畫帖</title></titleInfo><note type="citation">日本書目志,卷十三,美術門,書畫類,p 1107</note><note type="price">二圓</note><identifier type="mh">book_7114</identifier></mods>