<mods xmlns="http://www.loc.gov/mods/v3" xmlns:xsi="http://www.w3.org/2001/XMLSchema-instance" xmlns:xlink="http://www.w3.org/1999/xlink" version="3.6" xsi:schemaLocation="http://www.loc.gov/mods/v3 http://cluster-schemas.uni-hd.de/modsCluster.xsd" ID="uuid-0A8A3202-DBC4-47EE-8AB6-F1B5AB110342"><name type="personal" xlink:href=""><namePart lang="chi" script="Hant">富山房編</namePart><role><roleTerm type="text">author</roleTerm></role></name><titleInfo lang="chi" script="Hant"><title>物理學新書 《普通學全書》第二篇 </title></titleInfo><note type="citation">日本書目志,卷二,理學門,物理學,p 627</note><note type="price">一角八分</note><identifier type="mh">book_1338</identifier></mods>