<mods xmlns="http://www.loc.gov/mods/v3" xmlns:xsi="http://www.w3.org/2001/XMLSchema-instance" xmlns:xlink="http://www.w3.org/1999/xlink" version="3.6" xsi:schemaLocation="http://www.loc.gov/mods/v3 http://cluster-schemas.uni-hd.de/modsCluster.xsd" ID="uuid-06DB42D0-C169-496C-ABC3-FF932983D1D7"><name type="personal" xlink:href=""><namePart lang="chi" script="Hant">高橋今一郎著</namePart><role><roleTerm type="text">author</roleTerm></role></name><titleInfo lang="chi" script="Hant"><title>育兒及看病法 《女學全書》第十二篇 </title></titleInfo><note type="citation">日本書目志,卷一,生理門,育兒法,p 614</note><note type="price">一角五分</note><identifier type="mh">book_1213</identifier></mods>