<mods xmlns="http://www.loc.gov/mods/v3" xmlns:xsi="http://www.w3.org/2001/XMLSchema-instance" xmlns:xlink="http://www.w3.org/1999/xlink" version="3.6" xsi:schemaLocation="http://www.loc.gov/mods/v3 http://cluster-schemas.uni-hd.de/modsCluster.xsd" ID="uuid-020C4F4B-9D35-4221-A429-782DFAD002D0"><name type="personal" xlink:href=""><namePart lang="chi" script="Hant">矢津永昌著</namePart><role><roleTerm type="text">author</roleTerm></role></name><titleInfo lang="chi" script="Hant"><title>日本地文學 文部省撿定濟 </title></titleInfo><note type="citation">日本書目志,卷四,圖史門,地文學,p 681</note><note type="price">一圓五角</note><identifier type="mh">book_1936</identifier></mods>