<mods xmlns="http://www.loc.gov/mods/v3" xmlns:xsi="http://www.w3.org/2001/XMLSchema-instance" xmlns:xlink="http://www.w3.org/1999/xlink" version="3.6" xsi:schemaLocation="http://www.loc.gov/mods/v3 http://cluster-schemas.uni-hd.de/modsCluster.xsd" ID="uuid-021BF621-8768-431E-8218-1E4D6A461B52"><name type="personal" xlink:href=""><namePart lang="chi" script="Hant">吉田晚稼書</namePart><role><roleTerm type="text">author</roleTerm></role></name><titleInfo lang="chi" script="Hant"><title>小學習字帖</title></titleInfo><note type="citation">日本書目志,卷十一,文學門,習字帖小學校用,p 1020</note><note type="price">四角四分</note><identifier type="mh">book_5926</identifier></mods>