<mods xmlns="http://www.loc.gov/mods/v3" xmlns:xsi="http://www.w3.org/2001/XMLSchema-instance" xmlns:xlink="http://www.w3.org/1999/xlink" version="3.6" xsi:schemaLocation="http://www.loc.gov/mods/v3 http://cluster-schemas.uni-hd.de/modsCluster.xsd" ID="uuid-08E12EDC-DC32-4B38-A4DD-79819EC6E493"><name type="personal" xlink:href=""><namePart lang="chi" script="Hant">法律學士寺尾享著</namePart><role><roleTerm type="text">author</roleTerm></role></name><titleInfo lang="chi" script="Hant"><title> 三版 刑事訴訟法講義</title></titleInfo><note type="citation">日本書目志,卷六,法律門,刑事訴訟法,p 800</note><note type="price">一圓二角五分</note><identifier type="mh">book_3424</identifier></mods>