<mods xmlns="http://www.loc.gov/mods/v3" xmlns:xsi="http://www.w3.org/2001/XMLSchema-instance" xmlns:xlink="http://www.w3.org/1999/xlink" version="3.6" xsi:schemaLocation="http://www.loc.gov/mods/v3 http://cluster-schemas.uni-hd.de/modsCluster.xsd" ID="uuid-051AFBEC-6811-42E3-A93E-740C610B4DB2"><name type="personal" xlink:href=""><namePart lang="chi" script="Hant">司法省譯</namePart><role><roleTerm type="text">author</roleTerm></role></name><titleInfo lang="chi" script="Hant"><title>獨乙訴訟法釋義</title></titleInfo><note type="citation">日本書目志,卷六,法律門,外國訴訟法,p 797</note><note type="price">六角九分</note><identifier type="mh">book_3381</identifier></mods>