<mods xmlns="http://www.loc.gov/mods/v3" xmlns:xsi="http://www.w3.org/2001/XMLSchema-instance" xmlns:xlink="http://www.w3.org/1999/xlink" version="3.6" xsi:schemaLocation="http://www.loc.gov/mods/v3 http://cluster-schemas.uni-hd.de/modsCluster.xsd" ID="uuid-08C89623-ED4F-4749-8CE0-C4F1137ED0C5"><titleInfo lang="chi" script="Hant"><title> 繪入 歷史叢談</title></titleInfo><note type="citation">日本書目志,卷十四,小說門,小說,p 1164</note><note type="price">五分</note><identifier type="mh">book_7905</identifier></mods>