<mods xmlns="http://www.loc.gov/mods/v3" xmlns:xsi="http://www.w3.org/2001/XMLSchema-instance" xmlns:xlink="http://www.w3.org/1999/xlink" version="3.6" xsi:schemaLocation="http://www.loc.gov/mods/v3 http://cluster-schemas.uni-hd.de/modsCluster.xsd" ID="uuid-0028DD18-7184-42B1-964B-BCBBBEC0C5AF"><titleInfo lang="chi" script="Hant"><title>妹脊山婦女庭訓竹二雀</title></titleInfo><note type="citation">日本書目志,卷十一,文學門,戲曲,p 1007</note><note type="price">五分三釐</note><identifier type="mh">book_5733</identifier></mods>