<mods xmlns="http://www.loc.gov/mods/v3" xmlns:xsi="http://www.w3.org/2001/XMLSchema-instance" xmlns:xlink="http://www.w3.org/1999/xlink" version="3.6" xsi:schemaLocation="http://www.loc.gov/mods/v3 http://cluster-schemas.uni-hd.de/modsCluster.xsd" ID="uuid-00E2BE83-3E82-4706-AD8D-68B56609F8F5"><titleInfo lang="chi" script="Hant"><title> 大岡政談 繪入實錄天一坊物語</title></titleInfo><note type="citation">日本書目志,卷十四,小說門,小說,p 1155</note><note type="price">四分</note><identifier type="mh">book_7761</identifier></mods>