<mods xmlns="http://www.loc.gov/mods/v3" xmlns:xsi="http://www.w3.org/2001/XMLSchema-instance" xmlns:xlink="http://www.w3.org/1999/xlink" version="3.6" xsi:schemaLocation="http://www.loc.gov/mods/v3 http://cluster-schemas.uni-hd.de/modsCluster.xsd" ID="uuid-05AD39EB-728E-4FA2-9B1D-209719F7BF49"><name type="personal" xlink:href=""><namePart lang="chi" script="Hant">小中村淯矩、中村秋香朮同編</namePart><role><roleTerm type="text">author</roleTerm></role></name><titleInfo lang="chi" script="Hant"><title>日用文鑑</title></titleInfo><note type="citation">日本書目志,卷十二,文字語言門,和文學,p 1029</note><note type="price">四角</note><identifier type="mh">book_6022</identifier></mods>