<mods xmlns="http://www.loc.gov/mods/v3" xmlns:xsi="http://www.w3.org/2001/XMLSchema-instance" xmlns:xlink="http://www.w3.org/1999/xlink" version="3.6" xsi:schemaLocation="http://www.loc.gov/mods/v3 http://cluster-schemas.uni-hd.de/modsCluster.xsd" ID="uuid-076CF5C6-776A-440D-B51D-553CD621BD13"><name type="personal" xlink:href=""><namePart lang="chi" script="Hant">小西如泉編</namePart><role><roleTerm type="text">author</roleTerm></role></name><titleInfo lang="chi" script="Hant"><title> 官民 撰業秘法</title></titleInfo><note type="citation">日本書目志,卷十三,美術門,大雜書,p 1139</note><note type="price">三角</note><identifier type="mh">book_7553</identifier></mods>