<mods xmlns="http://www.loc.gov/mods/v3" xmlns:xsi="http://www.w3.org/2001/XMLSchema-instance" xmlns:xlink="http://www.w3.org/1999/xlink" version="3.6" xsi:schemaLocation="http://www.loc.gov/mods/v3 http://cluster-schemas.uni-hd.de/modsCluster.xsd" ID="uuid-03540ED4-17AD-4A3C-AC43-B6D69F4B02C0"><name type="personal" xlink:href=""><namePart lang="chi" script="Hant">小野藤介著</namePart><role><roleTerm type="text">author</roleTerm></role></name><titleInfo lang="chi" script="Hant"><title> 酒家必攜 灘青酒釀造實驗說</title></titleInfo><note type="citation">日本書目志,卷八,工業門,釀造書,p 883</note><note type="price">一圓四角</note><identifier type="mh">book_4187</identifier></mods>