<mods xmlns="http://www.loc.gov/mods/v3" xmlns:xsi="http://www.w3.org/2001/XMLSchema-instance" xmlns:xlink="http://www.w3.org/1999/xlink" version="3.6" xsi:schemaLocation="http://www.loc.gov/mods/v3 http://cluster-schemas.uni-hd.de/modsCluster.xsd" ID="uuid-0AD0915C-2337-4DDA-9E50-65945F079997"><name type="personal" xlink:href=""><namePart lang="chi" script="Hant">行庵酒雄撰</namePart><role><roleTerm type="text">author</roleTerm></role></name><titleInfo lang="chi" script="Hant"><title> 俳諧 明治八百題</title></titleInfo><note type="citation">日本書目志,卷十一,文學門,俳諧集,p 991</note><note type="price">三角</note><identifier type="mh">book_5498</identifier></mods>