<mods xmlns="http://www.loc.gov/mods/v3" xmlns:xsi="http://www.w3.org/2001/XMLSchema-instance" xmlns:xlink="http://www.w3.org/1999/xlink" version="3.6" xsi:schemaLocation="http://www.loc.gov/mods/v3 http://cluster-schemas.uni-hd.de/modsCluster.xsd" ID="uuid-07D424C5-201E-4DFD-A387-E2FA1EDFC04D"><titleInfo lang="chi" script="Hant"><title>絕句類選 袖珍帙入 </title></titleInfo><note type="citation">日本書目志,卷十一,文學門,詩集,p 974</note><note type="price">八角</note><identifier type="mh">book_5258</identifier></mods>