<mods xmlns="http://www.loc.gov/mods/v3" xmlns:xsi="http://www.w3.org/2001/XMLSchema-instance" xmlns:xlink="http://www.w3.org/1999/xlink" version="3.6" xsi:schemaLocation="http://www.loc.gov/mods/v3 http://cluster-schemas.uni-hd.de/modsCluster.xsd" ID="uuid-05220F41-DE8B-4B46-99A8-23CC6482B287"><titleInfo lang="chi" script="Hant"><title>繪入國民讀本 《幼年全書》第十編 </title></titleInfo><note type="citation">日本書目志,卷十,教育門,少年教育書,p 956</note><note type="price">一角</note><identifier type="mh">book_5047</identifier></mods>