<mods xmlns="http://www.loc.gov/mods/v3" xmlns:xsi="http://www.w3.org/2001/XMLSchema-instance" xmlns:xlink="http://www.w3.org/1999/xlink" version="3.6" xsi:schemaLocation="http://www.loc.gov/mods/v3 http://cluster-schemas.uni-hd.de/modsCluster.xsd" ID="uuid-0BEDFB75-641A-4108-80AA-58B4D25D0386"><name type="personal" xlink:href=""><namePart lang="chi" script="Hant">澤田俊道編纂</namePart><role><roleTerm type="text">author</roleTerm></role></name><titleInfo lang="chi" script="Hant"><title> 佛教 青年會演說</title></titleInfo><note type="citation">日本書目志,卷十二,文字語言門,修辭演說,p 1063</note><note type="price">一角</note><identifier type="mh">book_6525</identifier></mods>