<mods xmlns="http://www.loc.gov/mods/v3" xmlns:xsi="http://www.w3.org/2001/XMLSchema-instance" xmlns:xlink="http://www.w3.org/1999/xlink" version="3.6" xsi:schemaLocation="http://www.loc.gov/mods/v3 http://cluster-schemas.uni-hd.de/modsCluster.xsd" ID="uuid-06CB8C93-032A-49B4-BFC2-27A3389225EB"><name type="personal" xlink:href=""><namePart lang="chi" script="Hant">峰是三郎編纂</namePart><role><roleTerm type="text">author</roleTerm></role></name><titleInfo lang="chi" script="Hant"><title>新定作文書 教師用 </title></titleInfo><note type="citation">日本書目志,卷十二,文字語言門,作文書學校用,p 1044</note><note type="price">五角</note><identifier type="mh">book_6235</identifier></mods>