<mods xmlns="http://www.loc.gov/mods/v3" xmlns:xsi="http://www.w3.org/2001/XMLSchema-instance" xmlns:xlink="http://www.w3.org/1999/xlink" version="3.6" xsi:schemaLocation="http://www.loc.gov/mods/v3 http://cluster-schemas.uni-hd.de/modsCluster.xsd" ID="uuid-0DE5FE77-8632-484E-8401-6D90ADFD97FD"><name type="personal" xlink:href=""><namePart lang="chi" script="Hant">大內青巒著</namePart><role><roleTerm type="text">author</roleTerm></role></name><titleInfo lang="chi" script="Hant"><title>宇宙之光</title></titleInfo><note type="citation">日本書目志,卷十一,文學門,唱歌集,p 994</note><note type="price">四分</note><identifier type="mh">book_5541</identifier></mods>