<mods xmlns="http://www.loc.gov/mods/v3" xmlns:xsi="http://www.w3.org/2001/XMLSchema-instance" xmlns:xlink="http://www.w3.org/1999/xlink" version="3.6" xsi:schemaLocation="http://www.loc.gov/mods/v3 http://cluster-schemas.uni-hd.de/modsCluster.xsd" ID="uuid-00F66A82-E2BB-4929-8C49-FC8E98683AFF"><name type="personal" xlink:href=""><namePart lang="chi" script="Hant">大和田健樹著</namePart><role><roleTerm type="text">author</roleTerm></role></name><titleInfo lang="chi" script="Hant"><title>謠曲通解</title></titleInfo><note type="citation">日本書目志,卷十一,文學門,謠曲本,p 1013</note><note type="price">二角五分</note><identifier type="mh">book_5827</identifier></mods>