<mods xmlns="http://www.loc.gov/mods/v3" xmlns:xsi="http://www.w3.org/2001/XMLSchema-instance" xmlns:xlink="http://www.w3.org/1999/xlink" version="3.6" xsi:schemaLocation="http://www.loc.gov/mods/v3 http://cluster-schemas.uni-hd.de/modsCluster.xsd" ID="uuid-092F323B-7C2C-4758-84D9-EF61AF6432CD"><name type="personal" xlink:href=""><namePart lang="chi" script="Hant">饗庭篁村著</namePart><role><roleTerm type="text">author</roleTerm></role></name><titleInfo lang="chi" script="Hant"><title>新殺生石川添柳</title></titleInfo><note type="citation">日本書目志,卷十四,小說門,小說,p 1196</note><note type="price">六分</note><identifier type="mh">book_8377</identifier></mods>