<mods xmlns="http://www.loc.gov/mods/v3" xmlns:xsi="http://www.w3.org/2001/XMLSchema-instance" xmlns:xlink="http://www.w3.org/1999/xlink" version="3.6" xsi:schemaLocation="http://www.loc.gov/mods/v3 http://cluster-schemas.uni-hd.de/modsCluster.xsd" ID="uuid-09092824-A4A3-4764-AF15-5FBEF60F700B"><titleInfo lang="chi" script="Hant"><title>初心雛形</title></titleInfo><note type="citation">日本書目志,卷十三,美術門,模樣圖式,p 1106</note><note type="price">一角</note><identifier type="mh">book_7103</identifier></mods>