<mods xmlns="http://www.loc.gov/mods/v3" xmlns:xsi="http://www.w3.org/2001/XMLSchema-instance" xmlns:xlink="http://www.w3.org/1999/xlink" version="3.6" xsi:schemaLocation="http://www.loc.gov/mods/v3 http://cluster-schemas.uni-hd.de/modsCluster.xsd" ID="uuid-06445C30-6307-4A14-A031-B52115B4D6E1"><name type="personal" xlink:href=""><namePart lang="chi" script="Hant">小林義直譯</namePart><role><roleTerm type="text">author</roleTerm></role></name><titleInfo lang="chi" script="Hant"><title>齒科提要</title></titleInfo><note type="citation">日本書目志,卷一,生理門,齒科學,p 611</note><note type="price">一圓六角</note><identifier type="mh">book_1176</identifier></mods>