<mods xmlns="http://www.loc.gov/mods/v3" xmlns:xsi="http://www.w3.org/2001/XMLSchema-instance" xmlns:xlink="http://www.w3.org/1999/xlink" version="3.6" xsi:schemaLocation="http://www.loc.gov/mods/v3 http://cluster-schemas.uni-hd.de/modsCluster.xsd" ID="uuid-01586DA4-FAA4-4889-B632-CEB12F2F9A74"><name type="personal" xlink:href=""><namePart lang="chi" script="Hant">南齋畫</namePart><role><roleTerm type="text">author</roleTerm></role></name><titleInfo lang="chi" script="Hant"><title>萬物工業畫譜</title></titleInfo><note type="citation">日本書目志,卷十三,美術門,繪畫書,p 1103</note><note type="price">一角</note><identifier type="mh">book_7056</identifier></mods>