<mods xmlns="http://www.loc.gov/mods/v3" xmlns:xsi="http://www.w3.org/2001/XMLSchema-instance" xmlns:xlink="http://www.w3.org/1999/xlink" version="3.6" xsi:schemaLocation="http://www.loc.gov/mods/v3 http://cluster-schemas.uni-hd.de/modsCluster.xsd" ID="uuid-0B6CBDE0-FE17-48B5-B7C4-4FABAF94D52F"><name type="personal" xlink:href=""><namePart lang="chi" script="Hant">葛飾為一北齋翁畫</namePart><role><roleTerm type="text">author</roleTerm></role></name><titleInfo lang="chi" script="Hant"><title>北齋臨畫</title></titleInfo><note type="citation">日本書目志,卷十三,美術門,繪畫書,p 1097</note><note type="price">一角八分</note><identifier type="mh">book_6965</identifier></mods>