<mods xmlns="http://www.loc.gov/mods/v3" xmlns:xsi="http://www.w3.org/2001/XMLSchema-instance" xmlns:xlink="http://www.w3.org/1999/xlink" version="3.6" xsi:schemaLocation="http://www.loc.gov/mods/v3 http://cluster-schemas.uni-hd.de/modsCluster.xsd" ID="uuid-0A9CEB26-19D4-4700-BDB0-40C8401B0CCA"><name type="personal" xlink:href=""><namePart lang="chi" script="Hant">金港堂編輯所編　香川松石書</namePart><role><roleTerm type="text">author</roleTerm></role></name><titleInfo lang="chi" script="Hant"><title> 高等小學 習字帖 小學校用 </title></titleInfo><note type="citation">日本書目志,卷十一,文學門,習字帖小學校用,p 1020</note><note type="price">三角二分</note><identifier type="mh">book_5923</identifier></mods>