<mods xmlns="http://www.loc.gov/mods/v3" xmlns:xsi="http://www.w3.org/2001/XMLSchema-instance" xmlns:xlink="http://www.w3.org/1999/xlink" version="3.6" xsi:schemaLocation="http://www.loc.gov/mods/v3 http://cluster-schemas.uni-hd.de/modsCluster.xsd" ID="uuid-0639B0C6-DCE0-4872-9A2A-914109A48BE8"><name type="personal" xlink:href=""><namePart lang="chi" script="Hant">今泉定介著</namePart><role><roleTerm type="text">author</roleTerm></role></name><titleInfo lang="chi" script="Hant"><title>教育勅語衍義</title></titleInfo><note type="citation">日本書目志,卷十,教育門,勅語書,p 908</note><note type="price">一角六分</note><identifier type="mh">book_4415</identifier></mods>