<mods xmlns="http://www.loc.gov/mods/v3" xmlns:xsi="http://www.w3.org/2001/XMLSchema-instance" xmlns:xlink="http://www.w3.org/1999/xlink" version="3.6" xsi:schemaLocation="http://www.loc.gov/mods/v3 http://cluster-schemas.uni-hd.de/modsCluster.xsd" ID="uuid-0989625E-9EBE-4366-B8EC-E995F630D6CD"><name type="personal" xlink:href=""><namePart lang="chi" script="Hant">三瀨貞幹編</namePart><role><roleTerm type="text">author</roleTerm></role></name><titleInfo lang="chi" script="Hant"><title>小學讀本六要解</title></titleInfo><note type="citation">日本書目志,卷十二,文字語言門,讀書字類,p 1081</note><note type="price">一角</note><identifier type="mh">book_6781</identifier></mods>