<mods xmlns="http://www.loc.gov/mods/v3" xmlns:xsi="http://www.w3.org/2001/XMLSchema-instance" xmlns:xlink="http://www.w3.org/1999/xlink" version="3.6" xsi:schemaLocation="http://www.loc.gov/mods/v3 http://cluster-schemas.uni-hd.de/modsCluster.xsd" ID="uuid-059A82F4-3A56-43A8-9FC0-BE42CEB7A720"><name type="personal" xlink:href=""><namePart lang="chi" script="Hant">若林虎三郎編纂</namePart><role><roleTerm type="text">author</roleTerm></role></name><titleInfo lang="chi" script="Hant"><title>地理小學 小學校用 </title></titleInfo><note type="citation">日本書目志,卷四,圖史門,地理小學校,p 678</note><note type="price">四角</note><identifier type="mh">book_1898</identifier></mods>