<mods xmlns="http://www.loc.gov/mods/v3" xmlns:xsi="http://www.w3.org/2001/XMLSchema-instance" xmlns:xlink="http://www.w3.org/1999/xlink" version="3.6" xsi:schemaLocation="http://www.loc.gov/mods/v3 http://cluster-schemas.uni-hd.de/modsCluster.xsd" ID="uuid-015F1457-D23A-427B-9EE6-5075D7A78AA9"><name type="personal" xlink:href=""><namePart lang="chi" script="Hant">磯部武者五郎著</namePart><role><roleTerm type="text">author</roleTerm></role></name><titleInfo lang="chi" script="Hant"><title>國體述義</title></titleInfo><note type="citation">日本書目志,卷五,政治門,國家政治學,p 741</note><note type="price">二角</note><identifier type="mh">book_2714</identifier></mods>