<mods xmlns="http://www.loc.gov/mods/v3" xmlns:xsi="http://www.w3.org/2001/XMLSchema-instance" xmlns:xlink="http://www.w3.org/1999/xlink" version="3.6" xsi:schemaLocation="http://www.loc.gov/mods/v3 http://cluster-schemas.uni-hd.de/modsCluster.xsd" ID="uuid-08EEBE63-3ECC-4A4A-AE5C-4293F980924C"><name type="personal" xlink:href=""><namePart lang="chi" script="Hant">岡田良策著</namePart><role><roleTerm type="text">author</roleTerm></role></name><titleInfo lang="chi" script="Hant"><title>笹野權三一代實記</title></titleInfo><note type="citation">日本書目志,卷十四,小說門,小說,p 1184</note><note type="price">六分</note><identifier type="mh">book_8201</identifier></mods>