<mods xmlns="http://www.loc.gov/mods/v3" xmlns:xsi="http://www.w3.org/2001/XMLSchema-instance" xmlns:xlink="http://www.w3.org/1999/xlink" version="3.6" xsi:schemaLocation="http://www.loc.gov/mods/v3 http://cluster-schemas.uni-hd.de/modsCluster.xsd" ID="uuid-002E74A2-35E0-49C1-8632-05F0A630B5A5"><name type="personal" xlink:href=""><namePart lang="chi" script="Hant">國府寺新作、相澤英二郎合著</namePart><role><roleTerm type="text">author</roleTerm></role></name><titleInfo lang="chi" script="Hant"><title>新式教授學</title></titleInfo><note type="citation">日本書目志,卷十,教育門,實地教育,p 931</note><note type="price">一圓二角五分</note><identifier type="mh">book_4733</identifier></mods>