<mods xmlns="http://www.loc.gov/mods/v3" xmlns:xsi="http://www.w3.org/2001/XMLSchema-instance" xmlns:xlink="http://www.w3.org/1999/xlink" version="3.6" xsi:schemaLocation="http://www.loc.gov/mods/v3 http://cluster-schemas.uni-hd.de/modsCluster.xsd" ID="uuid-0947BD32-4E4F-4E70-B502-DF162117CA9C"><name type="personal" xlink:href=""><namePart lang="chi" script="Hant">龜井法學著</namePart><role><roleTerm type="text">author</roleTerm></role></name><titleInfo lang="chi" script="Hant"><title>會議法撰舉原理 合本 </title></titleInfo><note type="citation">日本書目志,卷五,政治門,議院書,p 745</note><note type="price">二角五分</note><identifier type="mh">book_2741</identifier></mods>