<mods xmlns="http://www.loc.gov/mods/v3" xmlns:xsi="http://www.w3.org/2001/XMLSchema-instance" xmlns:xlink="http://www.w3.org/1999/xlink" version="3.6" xsi:schemaLocation="http://www.loc.gov/mods/v3 http://cluster-schemas.uni-hd.de/modsCluster.xsd" ID="uuid-08C724FB-0E1A-41D9-B916-906CDAD445F2"><name type="personal" xlink:href=""><namePart lang="chi" script="Hant">青木東溪著</namePart><role><roleTerm type="text">author</roleTerm></role></name><titleInfo lang="chi" script="Hant"><title>大日本國郡全圖</title></titleInfo><note type="citation">日本書目志,卷四,圖史門,日本地圖,p 689</note><note type="price">五角</note><identifier type="mh">book_2045</identifier></mods>