<mods xmlns="http://www.loc.gov/mods/v3" xmlns:xsi="http://www.w3.org/2001/XMLSchema-instance" xmlns:xlink="http://www.w3.org/1999/xlink" version="3.6" xsi:schemaLocation="http://www.loc.gov/mods/v3 http://cluster-schemas.uni-hd.de/modsCluster.xsd" ID="uuid-04023869-B9CD-4F8C-BEDB-702A75C49E87"><name type="personal" xlink:href=""><namePart lang="chi" script="Hant">岩崎茂實編</namePart><role><roleTerm type="text">author</roleTerm></role></name><titleInfo lang="chi" script="Hant"><title>小學開化用文</title></titleInfo><note type="citation">日本書目志,卷十二,文字語言門,用文章,p 1054</note><note type="price">一角八分</note><identifier type="mh">book_6382</identifier></mods>