<mods xmlns="http://www.loc.gov/mods/v3" xmlns:xsi="http://www.w3.org/2001/XMLSchema-instance" xmlns:xlink="http://www.w3.org/1999/xlink" version="3.6" xsi:schemaLocation="http://www.loc.gov/mods/v3 http://cluster-schemas.uni-hd.de/modsCluster.xsd" ID="uuid-06F590CC-5E9E-49AF-92D5-F009621B20FA"><name type="personal" xlink:href=""><namePart lang="chi" script="Hant">近松門左衛門作</namePart><role><roleTerm type="text">author</roleTerm></role></name><titleInfo lang="chi" script="Hant"><title>吉野都女楠</title></titleInfo><note type="citation">日本書目志,卷十一,文學門,戲曲,p 1001</note><note type="price">七分</note><identifier type="mh">book_5647</identifier></mods>