<mods xmlns="http://www.loc.gov/mods/v3" xmlns:xsi="http://www.w3.org/2001/XMLSchema-instance" xmlns:xlink="http://www.w3.org/1999/xlink" version="3.6" xsi:schemaLocation="http://www.loc.gov/mods/v3 http://cluster-schemas.uni-hd.de/modsCluster.xsd" ID="uuid-026E1355-D667-4F31-9611-5F9E83AAE8BE"><name type="personal" xlink:href=""><namePart lang="chi" script="Hant">敬業社編纂</namePart><role><roleTerm type="text">author</roleTerm></role></name><titleInfo lang="chi" script="Hant"><title> 訂正五版 日本新地圖</title></titleInfo><note type="citation">日本書目志,卷四,圖史門,地圖小學校用,p 683</note><note type="price">着色二角五分　一角八分</note><identifier type="mh">book_1954</identifier></mods>