<mods xmlns="http://www.loc.gov/mods/v3" xmlns:xsi="http://www.w3.org/2001/XMLSchema-instance" xmlns:xlink="http://www.w3.org/1999/xlink" version="3.6" xsi:schemaLocation="http://www.loc.gov/mods/v3 http://cluster-schemas.uni-hd.de/modsCluster.xsd" ID="uuid-0823F045-607B-47FA-BA70-FBCB3C626BC4"><name type="personal" xlink:href=""><namePart lang="chi" script="Hant">川崎典民編輯</namePart><role><roleTerm type="text">author</roleTerm></role></name><titleInfo lang="chi" script="Hant"><title>人身生理學</title></titleInfo><note type="citation">日本書目志,卷二,理學門,人類學,p 645</note><note type="price">一圓四角五分</note><identifier type="mh">book_1526</identifier></mods>