<mods xmlns="http://www.loc.gov/mods/v3" xmlns:xsi="http://www.w3.org/2001/XMLSchema-instance" xmlns:xlink="http://www.w3.org/1999/xlink" version="3.6" xsi:schemaLocation="http://www.loc.gov/mods/v3 http://cluster-schemas.uni-hd.de/modsCluster.xsd" ID="uuid-0300907A-86B7-45FF-ABED-F8CF6FA87EF5"><name type="personal" xlink:href=""><namePart lang="chi" script="Hant">深谷敬一纂著</namePart><role><roleTerm type="text">author</roleTerm></role></name><titleInfo lang="chi" script="Hant"><title>獸醫通</title></titleInfo><note type="citation">日本書目志,卷一,生理門,獸醫學,p 617</note><note type="price">一圓二角</note><identifier type="mh">book_1251</identifier></mods>