<mods xmlns="http://www.loc.gov/mods/v3" xmlns:xsi="http://www.w3.org/2001/XMLSchema-instance" xmlns:xlink="http://www.w3.org/1999/xlink" version="3.6" xsi:schemaLocation="http://www.loc.gov/mods/v3 http://cluster-schemas.uni-hd.de/modsCluster.xsd" ID="uuid-06DB3CB5-C41A-4B8A-BA80-2784EE6FCBD2"><name type="personal" xlink:href=""><namePart lang="chi" script="Hant">西村天外道人編</namePart><role><roleTerm type="text">author</roleTerm></role></name><titleInfo lang="chi" script="Hant"><title>帝國新軍歌大全</title></titleInfo><note type="citation">日本書目志,卷十一,文學門,新體詩,p 975</note><note type="price">五分</note><identifier type="mh">book_5266</identifier></mods>