<mods xmlns="http://www.loc.gov/mods/v3" xmlns:xsi="http://www.w3.org/2001/XMLSchema-instance" xmlns:xlink="http://www.w3.org/1999/xlink" version="3.6" xsi:schemaLocation="http://www.loc.gov/mods/v3 http://cluster-schemas.uni-hd.de/modsCluster.xsd" ID="uuid-02FAD12C-F229-4347-AFF0-3331CE0AB46B"><name type="personal" xlink:href=""><namePart lang="chi" script="Hant">北島石兼、弘傅藏渡、德山銓一郎合著</namePart><role><roleTerm type="text">author</roleTerm></role></name><titleInfo lang="chi" script="Hant"><title>會計法釋義</title></titleInfo><note type="citation">日本書目志,卷五,政治門,財政學,p 757</note><note type="price">三角五分</note><identifier type="mh">book_2892</identifier></mods>