<mods xmlns="http://www.loc.gov/mods/v3" xmlns:xsi="http://www.w3.org/2001/XMLSchema-instance" xmlns:xlink="http://www.w3.org/1999/xlink" version="3.6" xsi:schemaLocation="http://www.loc.gov/mods/v3 http://cluster-schemas.uni-hd.de/modsCluster.xsd" ID="uuid-0AE045C5-784A-4559-BA48-802A3213C763"><name type="personal" xlink:href=""><namePart lang="chi" script="Hant">太田雄藏著</namePart><role><roleTerm type="text">author</roleTerm></role></name><titleInfo lang="chi" script="Hant"><title>西征手談</title></titleInfo><note type="citation">日本書目志,卷十三,美術門,茶湯書,p 1131</note><note type="price">一角</note><identifier type="mh">book_7441</identifier></mods>