<mods xmlns="http://www.loc.gov/mods/v3" xmlns:xsi="http://www.w3.org/2001/XMLSchema-instance" xmlns:xlink="http://www.w3.org/1999/xlink" version="3.6" xsi:schemaLocation="http://www.loc.gov/mods/v3 http://cluster-schemas.uni-hd.de/modsCluster.xsd" ID="uuid-05C8C8E4-A05E-4BEA-8135-4D8F3AF08EF6"><name type="personal" xlink:href=""><namePart lang="chi" script="Hant">丹波敬三譯</namePart><role><roleTerm type="text">author</roleTerm></role></name><titleInfo lang="chi" script="Hant"><title>無機化學</title></titleInfo><note type="citation">日本書目志,卷二,理學門,化學,p 633</note><note type="price">二圓五角</note><identifier type="mh">book_1410</identifier></mods>