<mods xmlns="http://www.loc.gov/mods/v3" xmlns:xsi="http://www.w3.org/2001/XMLSchema-instance" xmlns:xlink="http://www.w3.org/1999/xlink" version="3.6" xsi:schemaLocation="http://www.loc.gov/mods/v3 http://cluster-schemas.uni-hd.de/modsCluster.xsd" ID="uuid-07AC28DE-45A9-46B5-AB6F-852A6CF9044C"><name type="personal" xlink:href=""><namePart lang="chi" script="Hant">田中登作編</namePart><role><roleTerm type="text">author</roleTerm></role></name><titleInfo lang="chi" script="Hant"><title> 日本 地理大要 小學校用 </title></titleInfo><note type="citation">日本書目志,卷四,圖史門,地理小學校,p 677</note><note type="price">二角四分</note><identifier type="mh">book_1886</identifier></mods>