<mods xmlns="http://www.loc.gov/mods/v3" xmlns:xsi="http://www.w3.org/2001/XMLSchema-instance" xmlns:xlink="http://www.w3.org/1999/xlink" version="3.6" xsi:schemaLocation="http://www.loc.gov/mods/v3 http://cluster-schemas.uni-hd.de/modsCluster.xsd" ID="uuid-0E7CFF69-8A4F-43BB-9D85-DA105712006A"><name type="personal" xlink:href=""><namePart lang="chi" script="Hant">和田維四郎著</namePart><role><roleTerm type="text">author</roleTerm></role></name><titleInfo lang="chi" script="Hant"><title>坑法論</title></titleInfo><note type="citation">日本書目志,卷二,理學門,鑛學,p 638</note><note type="price">三角</note><identifier type="mh">book_1465</identifier></mods>