<mods xmlns="http://www.loc.gov/mods/v3" xmlns:xsi="http://www.w3.org/2001/XMLSchema-instance" xmlns:xlink="http://www.w3.org/1999/xlink" version="3.6" xsi:schemaLocation="http://www.loc.gov/mods/v3 http://cluster-schemas.uni-hd.de/modsCluster.xsd" ID="uuid-04721E79-11D6-445C-B2B1-F71462481624"><name type="personal" xlink:href=""><namePart lang="chi" script="Hant">宮內省藏板　勝安芳編</namePart><role><roleTerm type="text">author</roleTerm></role></name><titleInfo lang="chi" script="Hant"><title>開國起原</title></titleInfo><note type="citation">日本書目志,卷四,圖史門,日本史,p 712</note><note type="price">三圓</note><identifier type="mh">book_2351</identifier></mods>