<mods xmlns="http://www.loc.gov/mods/v3" xmlns:xsi="http://www.w3.org/2001/XMLSchema-instance" xmlns:xlink="http://www.w3.org/1999/xlink" version="3.6" xsi:schemaLocation="http://www.loc.gov/mods/v3 http://cluster-schemas.uni-hd.de/modsCluster.xsd" ID="uuid-076A17A7-1BF9-41E4-9D85-7B86D12224AC"><name type="personal" xlink:href=""><namePart lang="chi" script="Hant">長尾景重編</namePart><role><roleTerm type="text">author</roleTerm></role></name><titleInfo lang="chi" script="Hant"><title>普通報知用文</title></titleInfo><note type="citation">日本書目志,卷十二,文字語言門,用文章,p 1050</note><note type="price">二角五分</note><identifier type="mh">book_6333</identifier></mods>