<mods xmlns="http://www.loc.gov/mods/v3" xmlns:xsi="http://www.w3.org/2001/XMLSchema-instance" xmlns:xlink="http://www.w3.org/1999/xlink" version="3.6" xsi:schemaLocation="http://www.loc.gov/mods/v3 http://cluster-schemas.uni-hd.de/modsCluster.xsd" ID="uuid-032E9D6E-D681-4902-B7D3-91A462623290"><name type="personal" xlink:href=""><namePart lang="chi" script="Hant">北島恪齋著</namePart><role><roleTerm type="text">author</roleTerm></role></name><titleInfo lang="chi" script="Hant"><title>熊野遊記</title></titleInfo><note type="citation">日本書目志,卷四,圖史門,記行,p 730</note><note type="price">三角五分</note><identifier type="mh">book_2597</identifier></mods>