<mods xmlns="http://www.loc.gov/mods/v3" xmlns:xsi="http://www.w3.org/2001/XMLSchema-instance" xmlns:xlink="http://www.w3.org/1999/xlink" version="3.6" xsi:schemaLocation="http://www.loc.gov/mods/v3 http://cluster-schemas.uni-hd.de/modsCluster.xsd" ID="uuid-0C462193-4AF3-4F79-A9E0-A479420DCB97"><titleInfo lang="chi" script="Hant"><title>通俗漢楚軍談</title></titleInfo><note type="citation">日本書目志,卷十四,小說門,小說,p 1166</note><note type="price">一角二分</note><identifier type="mh">book_7923</identifier></mods>