<mods xmlns="http://www.loc.gov/mods/v3" xmlns:xsi="http://www.w3.org/2001/XMLSchema-instance" xmlns:xlink="http://www.w3.org/1999/xlink" version="3.6" xsi:schemaLocation="http://www.loc.gov/mods/v3 http://cluster-schemas.uni-hd.de/modsCluster.xsd" ID="uuid-0352DF25-3B97-481F-B4B6-45017947280F"><titleInfo lang="chi" script="Hant"><title>名高天下茶屋</title></titleInfo><note type="citation">日本書目志,卷十四,小說門,小說,p 1168</note><note type="price">一角五分</note><identifier type="mh">book_7956</identifier></mods>