<mods xmlns="http://www.loc.gov/mods/v3" xmlns:xsi="http://www.w3.org/2001/XMLSchema-instance" xmlns:xlink="http://www.w3.org/1999/xlink" version="3.6" xsi:schemaLocation="http://www.loc.gov/mods/v3 http://cluster-schemas.uni-hd.de/modsCluster.xsd" ID="uuid-05F4C047-012B-468A-ADA4-9B364D61B8F7"><name type="personal" xlink:href=""><namePart lang="chi" script="Hant">谷本富譯註　森本確也</namePart><role><roleTerm type="text">author</roleTerm></role></name><titleInfo lang="chi" script="Hant"><title>心身相關之理</title></titleInfo><note type="citation">日本書目志,卷二,理學門,心理學,p 656</note><note type="price">八角五分</note><identifier type="mh">book_1670</identifier></mods>