<mods xmlns="http://www.loc.gov/mods/v3" xmlns:xsi="http://www.w3.org/2001/XMLSchema-instance" xmlns:xlink="http://www.w3.org/1999/xlink" version="3.6" xsi:schemaLocation="http://www.loc.gov/mods/v3 http://cluster-schemas.uni-hd.de/modsCluster.xsd" ID="uuid-049C05FB-D1B2-4DF0-88CF-05741D642B0A"><name type="personal" xlink:href=""><namePart lang="chi" script="Hant">中村達太郎著</namePart><role><roleTerm type="text">author</roleTerm></role></name><titleInfo lang="chi" script="Hant"><title>配景圖法</title></titleInfo><note type="citation">日本書目志,卷八,工業門,工學總記,p 863</note><note type="price">六角五分</note><identifier type="mh">book_3988</identifier></mods>