<mods xmlns="http://www.loc.gov/mods/v3" xmlns:xsi="http://www.w3.org/2001/XMLSchema-instance" xmlns:xlink="http://www.w3.org/1999/xlink" version="3.6" xsi:schemaLocation="http://www.loc.gov/mods/v3 http://cluster-schemas.uni-hd.de/modsCluster.xsd" ID="uuid-0181BCAC-966D-49D6-B9CD-AA21DE9FC32E"><name type="personal" xlink:href=""><namePart lang="chi" script="Hant">平野千代吉編纂</namePart><role><roleTerm type="text">author</roleTerm></role></name><titleInfo lang="chi" script="Hant"><title>新撰視力試驗表</title></titleInfo><note type="citation">日本書目志,卷一,生理門,眼科學,p 610</note><note type="price">一圓</note><identifier type="mh">book_1166</identifier></mods>