<mods xmlns="http://www.loc.gov/mods/v3" xmlns:xsi="http://www.w3.org/2001/XMLSchema-instance" xmlns:xlink="http://www.w3.org/1999/xlink" version="3.6" xsi:schemaLocation="http://www.loc.gov/mods/v3 http://cluster-schemas.uni-hd.de/modsCluster.xsd" ID="uuid-030D0B03-FDB2-4D35-9049-A58411B0795F"><name type="personal" xlink:href=""><namePart lang="chi" script="Hant">探幽畫</namePart><role><roleTerm type="text">author</roleTerm></role></name><titleInfo lang="chi" script="Hant"><title> 和漢 御繪鑑 山水草木人物武者 </title></titleInfo><note type="citation">日本書目志,卷十三,美術門,繪畫書,p 1090</note><note type="price">五角</note><identifier type="mh">book_6862</identifier></mods>