<mods xmlns="http://www.loc.gov/mods/v3" xmlns:xsi="http://www.w3.org/2001/XMLSchema-instance" xmlns:xlink="http://www.w3.org/1999/xlink" version="3.6" xsi:schemaLocation="http://www.loc.gov/mods/v3 http://cluster-schemas.uni-hd.de/modsCluster.xsd" ID="uuid-0BAB2FB6-8C70-47C6-82FA-570EF3ED0DA6"><titleInfo lang="chi" script="Hant"><title>論製白鐵</title></titleInfo><note type="citation">增版東西學書錄,卷二,工蓺第八,雜蓺,p 158</note><abstract type="summary"> 論製白鐵　卷 知新報本   知新報館譯，言製馬口鐵之事其詳。 [顧補]  </abstract><identifier type="mh">book_428</identifier></mods>