<mods xmlns="http://www.loc.gov/mods/v3" xmlns:xsi="http://www.w3.org/2001/XMLSchema-instance" xmlns:xlink="http://www.w3.org/1999/xlink" version="3.6" xsi:schemaLocation="http://www.loc.gov/mods/v3 http://cluster-schemas.uni-hd.de/modsCluster.xsd" ID="uuid-06DB6C6E-E546-456B-9389-6BEF90C2B361"><name type="personal" xlink:href=""><namePart lang="chi" script="Hant">文部省藏版</namePart><role><roleTerm type="text">author</roleTerm></role></name><titleInfo lang="chi" script="Hant"><title> 《百科全書》 洋教宗派</title></titleInfo><note type="citation">日本書目志,卷三,宗教門,宗教總記,p 663</note><note type="price">二角</note><identifier type="mh">book_1726</identifier></mods>