<mods xmlns="http://www.loc.gov/mods/v3" xmlns:xsi="http://www.w3.org/2001/XMLSchema-instance" xmlns:xlink="http://www.w3.org/1999/xlink" version="3.6" xsi:schemaLocation="http://www.loc.gov/mods/v3 http://cluster-schemas.uni-hd.de/modsCluster.xsd" ID="uuid-096B7350-35A2-4FAF-9450-0026B346E87F"><name type="personal" xlink:href=""><namePart lang="chi" script="Hant">勸農局藏板</namePart><role><roleTerm type="text">author</roleTerm></role></name><titleInfo lang="chi" script="Hant"><title> 清國樣式 人工孵卵圖解</title></titleInfo><note type="citation">日本書目志,卷七,農業門,畜牧書,p 850</note><note type="price">一角二分五釐</note><identifier type="mh">book_3869</identifier></mods>