<mods xmlns="http://www.loc.gov/mods/v3" xmlns:xsi="http://www.w3.org/2001/XMLSchema-instance" xmlns:xlink="http://www.w3.org/1999/xlink" version="3.6" xsi:schemaLocation="http://www.loc.gov/mods/v3 http://cluster-schemas.uni-hd.de/modsCluster.xsd" ID="uuid-062E5E79-126B-4039-8714-A01D4EDACDDF"><titleInfo lang="chi" script="Hant"><title>女今川 半紙本 </title></titleInfo><note type="citation">日本書目志,卷十一,文學門,往來物,p 1024</note><note type="price">五分</note><identifier type="mh">book_5978</identifier></mods>