<mods xmlns="http://www.loc.gov/mods/v3" xmlns:xsi="http://www.w3.org/2001/XMLSchema-instance" xmlns:xlink="http://www.w3.org/1999/xlink" version="3.6" xsi:schemaLocation="http://www.loc.gov/mods/v3 http://cluster-schemas.uni-hd.de/modsCluster.xsd" ID="uuid-0D28DD8A-BE31-4D22-A4F6-A013F3A99EAA"><name type="personal" xlink:href=""><namePart lang="chi" script="Hant">矢島錦藏著</namePart><role><roleTerm type="text">author</roleTerm></role></name><titleInfo lang="chi" script="Hant"><title>心理學</title></titleInfo><note type="citation">日本書目志,卷二,理學門,心理學,p 655</note><note type="price">五角</note><identifier type="mh">book_1656</identifier></mods>