<mods xmlns="http://www.loc.gov/mods/v3" xmlns:xsi="http://www.w3.org/2001/XMLSchema-instance" xmlns:xlink="http://www.w3.org/1999/xlink" version="3.6" xsi:schemaLocation="http://www.loc.gov/mods/v3 http://cluster-schemas.uni-hd.de/modsCluster.xsd" ID="uuid-0D375610-15CC-4DA9-91AA-679E17B4460B"><name type="personal" xlink:href=""><namePart lang="chi" script="Hant">松石安治編述</namePart><role><roleTerm type="text">author</roleTerm></role></name><titleInfo lang="chi" script="Hant"><title> 普通體操 隊列運動法</title></titleInfo><note type="citation">日本書目志,卷十三,美術門,體操書,p 1121</note><note type="price">二角六分</note><identifier type="mh">book_7305</identifier></mods>