<mods xmlns="http://www.loc.gov/mods/v3" xmlns:xsi="http://www.w3.org/2001/XMLSchema-instance" xmlns:xlink="http://www.w3.org/1999/xlink" version="3.6" xsi:schemaLocation="http://www.loc.gov/mods/v3 http://cluster-schemas.uni-hd.de/modsCluster.xsd" ID="uuid-0B0DB6ED-4047-44F3-AE07-4B04ABEAE719"><name type="personal" xlink:href=""><namePart lang="chi" script="Hant">三浦應著</namePart><role><roleTerm type="text">author</roleTerm></role></name><titleInfo lang="chi" script="Hant"><title>百科熟語辨</title></titleInfo><note type="citation">日本書目志,卷十二,文字語言門,字引雜書,p 1076</note><note type="price">二角五分</note><identifier type="mh">book_6707</identifier></mods>