<mods xmlns="http://www.loc.gov/mods/v3" xmlns:xsi="http://www.w3.org/2001/XMLSchema-instance" xmlns:xlink="http://www.w3.org/1999/xlink" version="3.6" xsi:schemaLocation="http://www.loc.gov/mods/v3 http://cluster-schemas.uni-hd.de/modsCluster.xsd" ID="uuid-0AA34A4D-D0D8-41DA-98D1-F212E9D59B76"><name type="personal" xlink:href=""><namePart lang="chi" script="Hant">石原正明著</namePart><role><roleTerm type="text">author</roleTerm></role></name><titleInfo lang="chi" script="Hant"><title> 新古今集 尾張乃家苞</title></titleInfo><note type="citation">日本書目志,卷十一,文學門,歌集,p 979</note><note type="price">八分</note><identifier type="mh">book_5325</identifier></mods>