<mods xmlns="http://www.loc.gov/mods/v3" xmlns:xsi="http://www.w3.org/2001/XMLSchema-instance" xmlns:xlink="http://www.w3.org/1999/xlink" version="3.6" xsi:schemaLocation="http://www.loc.gov/mods/v3 http://cluster-schemas.uni-hd.de/modsCluster.xsd" ID="uuid-00653C94-9682-4E8F-A315-F61A61C2D3DC"><name type="personal" xlink:href=""><namePart lang="chi" script="Hant">幸野梅嶺畫</namePart><role><roleTerm type="text">author</roleTerm></role></name><titleInfo lang="chi" script="Hant"><title>梅嶺百鳥畫譜</title></titleInfo><note type="citation">日本書目志,卷十三,美術門,繪畫書,p 1093</note><note type="price">二圓三角</note><identifier type="mh">book_6903</identifier></mods>