<mods xmlns="http://www.loc.gov/mods/v3" xmlns:xsi="http://www.w3.org/2001/XMLSchema-instance" xmlns:xlink="http://www.w3.org/1999/xlink" version="3.6" xsi:schemaLocation="http://www.loc.gov/mods/v3 http://cluster-schemas.uni-hd.de/modsCluster.xsd" ID="uuid-09817B7D-4C0D-4333-835D-04FF0822A40F"><name type="personal" xlink:href=""><namePart lang="chi" script="Hant">藤井輯編</namePart><role><roleTerm type="text">author</roleTerm></role></name><titleInfo lang="chi" script="Hant"><title> 近世詩選 幼學便覽 作例附 </title></titleInfo><note type="citation">日本書目志,卷十一,文學門,作詩及詩集,p 967</note><note type="price">二角</note><identifier type="mh">book_5158</identifier></mods>