<mods xmlns="http://www.loc.gov/mods/v3" xmlns:xsi="http://www.w3.org/2001/XMLSchema-instance" xmlns:xlink="http://www.w3.org/1999/xlink" version="3.6" xsi:schemaLocation="http://www.loc.gov/mods/v3 http://cluster-schemas.uni-hd.de/modsCluster.xsd" ID="uuid-07AFF074-9BD8-4FA2-B728-323A51DC7A00"><name type="personal" xlink:href=""><namePart lang="chi" script="Hant">椿時中編纂</namePart><role><roleTerm type="text">author</roleTerm></role></name><titleInfo lang="chi" script="Hant"><title> 小學 國史紀事本末</title></titleInfo><note type="citation">日本書目志,卷四,圖史門,日本史,p 707</note><note type="price">八角五分</note><identifier type="mh">book_2282</identifier></mods>