<mods xmlns="http://www.loc.gov/mods/v3" xmlns:xsi="http://www.w3.org/2001/XMLSchema-instance" xmlns:xlink="http://www.w3.org/1999/xlink" version="3.6" xsi:schemaLocation="http://www.loc.gov/mods/v3 http://cluster-schemas.uni-hd.de/modsCluster.xsd" ID="uuid-0820D2D9-7D71-410D-B870-EA7BE6B7ACC3"><name type="personal" xlink:href=""><namePart lang="chi" script="Hant">服部敬一編</namePart><role><roleTerm type="text">author</roleTerm></role></name><titleInfo lang="chi" script="Hant"><title>大日本帝國全圖</title></titleInfo><note type="citation">日本書目志,卷四,圖史門,日本地圖,p 688</note><note type="price">一角五分</note><identifier type="mh">book_2024</identifier></mods>