<mods xmlns="http://www.loc.gov/mods/v3" xmlns:xsi="http://www.w3.org/2001/XMLSchema-instance" xmlns:xlink="http://www.w3.org/1999/xlink" version="3.6" xsi:schemaLocation="http://www.loc.gov/mods/v3 http://cluster-schemas.uni-hd.de/modsCluster.xsd" ID="uuid-03A12D43-2395-462A-8E64-EFA9C1EFCFEC"><name type="personal" xlink:href=""><namePart lang="chi" script="Hant">酒井捨彥纂</namePart><role><roleTerm type="text">author</roleTerm></role></name><titleInfo lang="chi" script="Hant"><title>東京府新圖 小學校用 </title></titleInfo><note type="citation">日本書目志,卷四,圖史門,地圖小學校用,p 685</note><note type="price">一圓</note><identifier type="mh">book_1984</identifier></mods>