<mods xmlns="http://www.loc.gov/mods/v3" xmlns:xsi="http://www.w3.org/2001/XMLSchema-instance" xmlns:xlink="http://www.w3.org/1999/xlink" version="3.6" xsi:schemaLocation="http://www.loc.gov/mods/v3 http://cluster-schemas.uni-hd.de/modsCluster.xsd" ID="uuid-08404B77-B768-406F-A6BD-07D4B1D52398"><titleInfo lang="chi" script="Hant"><title>自然神學</title></titleInfo><note type="citation">日本書目志,卷三,宗教門,宗教總記,p 662</note><note type="price">八分</note><identifier type="mh">book_1721</identifier></mods>