<mods xmlns="http://www.loc.gov/mods/v3" xmlns:xsi="http://www.w3.org/2001/XMLSchema-instance" xmlns:xlink="http://www.w3.org/1999/xlink" version="3.6" xsi:schemaLocation="http://www.loc.gov/mods/v3 http://cluster-schemas.uni-hd.de/modsCluster.xsd" ID="uuid-07381588-1A86-4F5B-A2A3-92E2E287E609"><name type="personal" xlink:href=""><namePart lang="chi" script="Hant">小野德太郎、安藤一太郎同譯</namePart><role><roleTerm type="text">author</roleTerm></role></name><titleInfo lang="chi" script="Hant"><title>法理原論</title></titleInfo><note type="citation">日本書目志,卷六,法律門,法理學,p 782</note><note type="price">二圓</note><identifier type="mh">book_3173</identifier></mods>