<mods xmlns="http://www.loc.gov/mods/v3" xmlns:xsi="http://www.w3.org/2001/XMLSchema-instance" xmlns:xlink="http://www.w3.org/1999/xlink" version="3.6" xsi:schemaLocation="http://www.loc.gov/mods/v3 http://cluster-schemas.uni-hd.de/modsCluster.xsd" ID="uuid-081F41C0-9C25-4C47-ABE8-371B53DFFD25"><name type="personal" xlink:href=""><namePart lang="chi" script="Hant">教育學館</namePart><role><roleTerm type="text">author</roleTerm></role></name><titleInfo lang="chi" script="Hant"><title>高等小學修身書 生徒用 </title></titleInfo><note type="citation">日本書目志,卷十,教育門,修身書小學校用,p 916</note><note type="price">二角八分</note><identifier type="mh">book_4525</identifier></mods>