<mods xmlns="http://www.loc.gov/mods/v3" xmlns:xsi="http://www.w3.org/2001/XMLSchema-instance" xmlns:xlink="http://www.w3.org/1999/xlink" version="3.6" xsi:schemaLocation="http://www.loc.gov/mods/v3 http://cluster-schemas.uni-hd.de/modsCluster.xsd" ID="uuid-0AD9C1CD-3E46-4AFF-A7FB-44DE9894BD44"><name type="personal" xlink:href=""><namePart lang="chi" script="Hant">後藤達三譯</namePart><role><roleTerm type="text">author</roleTerm></role></name><titleInfo lang="chi" script="Hant"><title> 斯氏 農業問答</title></titleInfo><note type="citation">日本書目志,卷七,農業門,農學總記,p 823</note><note type="price">四角</note><identifier type="mh">book_3624</identifier></mods>