<mods xmlns="http://www.loc.gov/mods/v3" xmlns:xsi="http://www.w3.org/2001/XMLSchema-instance" xmlns:xlink="http://www.w3.org/1999/xlink" version="3.6" xsi:schemaLocation="http://www.loc.gov/mods/v3 http://cluster-schemas.uni-hd.de/modsCluster.xsd" ID="uuid-0C458D17-8082-4425-9C71-24C633B5621E"><name type="personal" xlink:href=""><namePart lang="chi" script="Hant">青木輔清編輯</namePart><role><roleTerm type="text">author</roleTerm></role></name><titleInfo lang="chi" script="Hant"><title>廣益中字典</title></titleInfo><note type="citation">日本書目志,卷十二,文字語言門,辭書,p 1067</note><note type="price">一圓</note><identifier type="mh">book_6579</identifier></mods>