<mods xmlns="http://www.loc.gov/mods/v3" xmlns:xsi="http://www.w3.org/2001/XMLSchema-instance" xmlns:xlink="http://www.w3.org/1999/xlink" version="3.6" xsi:schemaLocation="http://www.loc.gov/mods/v3 http://cluster-schemas.uni-hd.de/modsCluster.xsd" ID="uuid-0B3635FB-9400-4F5D-8E58-AB41AC4BC8EB"><name type="personal" xlink:href=""><namePart lang="chi" script="Hant">酒井捨彥著</namePart><role><roleTerm type="text">author</roleTerm></role></name><titleInfo lang="chi" script="Hant"><title> 小學校用 萬國地圖</title></titleInfo><note type="citation">日本書目志,卷四,圖史門,地圖小學校用,p 687</note><note type="price">一角二分</note><identifier type="mh">book_2006</identifier></mods>