<mods xmlns="http://www.loc.gov/mods/v3" xmlns:xsi="http://www.w3.org/2001/XMLSchema-instance" xmlns:xlink="http://www.w3.org/1999/xlink" version="3.6" xsi:schemaLocation="http://www.loc.gov/mods/v3 http://cluster-schemas.uni-hd.de/modsCluster.xsd" ID="uuid-020C41C6-CEA4-454A-B82B-74C43F1B3478"><titleInfo lang="chi" script="Hant"><title>田沼實記</title></titleInfo><note type="citation">日本書目志,卷十四,小說門,小說,p 1163</note><note type="price">一角</note><identifier type="mh">book_7881</identifier></mods>