<mods xmlns="http://www.loc.gov/mods/v3" xmlns:xsi="http://www.w3.org/2001/XMLSchema-instance" xmlns:xlink="http://www.w3.org/1999/xlink" version="3.6" xsi:schemaLocation="http://www.loc.gov/mods/v3 http://cluster-schemas.uni-hd.de/modsCluster.xsd" ID="uuid-0E75F91F-3AB0-4D1F-9481-03AB0C572188"><titleInfo lang="chi" script="Hant"><title>通俗日本小史</title></titleInfo><note type="citation">日本書目志,卷四,圖史門,日本史,p 713</note><note type="price">一圓五角</note><identifier type="mh">book_2369</identifier></mods>