<mods xmlns="http://www.loc.gov/mods/v3" xmlns:xsi="http://www.w3.org/2001/XMLSchema-instance" xmlns:xlink="http://www.w3.org/1999/xlink" version="3.6" xsi:schemaLocation="http://www.loc.gov/mods/v3 http://cluster-schemas.uni-hd.de/modsCluster.xsd" ID="uuid-0D49E1E6-4B9D-4865-8CF4-EEA6EC9943BE"><titleInfo lang="chi" script="Hant"><title>粹 一名《色男獨案內》 </title></titleInfo><note type="citation">日本書目志,卷十四,小說門,小說,p 1202</note><note type="price">一角</note><identifier type="mh">book_8465</identifier></mods>