<mods xmlns="http://www.loc.gov/mods/v3" xmlns:xsi="http://www.w3.org/2001/XMLSchema-instance" xmlns:xlink="http://www.w3.org/1999/xlink" version="3.6" xsi:schemaLocation="http://www.loc.gov/mods/v3 http://cluster-schemas.uni-hd.de/modsCluster.xsd" ID="uuid-02D76A07-947C-4A25-BDB2-DAD031D1FEE8"><titleInfo lang="chi" script="Hant"><title>忠臣講釋宅兵衛上使之段</title></titleInfo><note type="citation">日本書目志,卷十一,文學門,戲曲,p 1009</note><note type="price">五分四釐</note><identifier type="mh">book_5774</identifier></mods>