<mods xmlns="http://www.loc.gov/mods/v3" xmlns:xsi="http://www.w3.org/2001/XMLSchema-instance" xmlns:xlink="http://www.w3.org/1999/xlink" version="3.6" xsi:schemaLocation="http://www.loc.gov/mods/v3 http://cluster-schemas.uni-hd.de/modsCluster.xsd" ID="uuid-03F56B60-D346-40EC-BE79-79DEC790551A"><name type="personal" xlink:href=""><namePart lang="chi" script="Hant">中村鼎吾編纂　進藤政齋校訂</namePart><role><roleTerm type="text">author</roleTerm></role></name><titleInfo lang="chi" script="Hant"><title> 中等 小學文範 小學校用 </title></titleInfo><note type="citation">日本書目志,卷十二,文字語言門,作文書學校用,p 1042</note><note type="price">六角</note><identifier type="mh">book_6215</identifier></mods>