<mods xmlns="http://www.loc.gov/mods/v3" xmlns:xsi="http://www.w3.org/2001/XMLSchema-instance" xmlns:xlink="http://www.w3.org/1999/xlink" version="3.6" xsi:schemaLocation="http://www.loc.gov/mods/v3 http://cluster-schemas.uni-hd.de/modsCluster.xsd" ID="uuid-0BC35D39-579B-4770-8DD5-50F601ABD92B"><name type="personal" xlink:href=""><namePart lang="chi" script="Hant">岡野英太郎著</namePart><role><roleTerm type="text">author</roleTerm></role></name><titleInfo lang="chi" script="Hant"><title>日本諸禮獨稽古</title></titleInfo><note type="citation">日本書目志,卷十,教育門,禮法書,p 924</note><note type="price">一角五分</note><identifier type="mh">book_4642</identifier></mods>