<mods xmlns="http://www.loc.gov/mods/v3" xmlns:xsi="http://www.w3.org/2001/XMLSchema-instance" xmlns:xlink="http://www.w3.org/1999/xlink" version="3.6" xsi:schemaLocation="http://www.loc.gov/mods/v3 http://cluster-schemas.uni-hd.de/modsCluster.xsd" ID="uuid-03DBF4C6-642B-45CE-BEFA-07EF23D20C22"><titleInfo lang="chi" script="Hant"><title>技藝百科全書</title></titleInfo><note type="citation">日本書目志,卷四,圖史門,類書,p 737</note><note type="price">二角五分</note><identifier type="mh">book_2697</identifier></mods>