<mods xmlns="http://www.loc.gov/mods/v3" xmlns:xsi="http://www.w3.org/2001/XMLSchema-instance" xmlns:xlink="http://www.w3.org/1999/xlink" version="3.6" xsi:schemaLocation="http://www.loc.gov/mods/v3 http://cluster-schemas.uni-hd.de/modsCluster.xsd" ID="uuid-0ADAFF83-2AA4-4F05-B190-76B46DF802A7"><name type="personal" xlink:href=""><namePart lang="chi" script="Hant">博物館藏版</namePart><role><roleTerm type="text">author</roleTerm></role></name><titleInfo lang="chi" script="Hant"><title>東大寺獻物帳</title></titleInfo><note type="citation">日本書目志,卷十三,美術門,模樣圖式,p 1105</note><note type="price">七角五分</note><identifier type="mh">book_7087</identifier></mods>