<mods xmlns="http://www.loc.gov/mods/v3" xmlns:xsi="http://www.w3.org/2001/XMLSchema-instance" xmlns:xlink="http://www.w3.org/1999/xlink" version="3.6" xsi:schemaLocation="http://www.loc.gov/mods/v3 http://cluster-schemas.uni-hd.de/modsCluster.xsd" ID="uuid-064E624B-B99A-49AC-906F-6D70224F5732"><name type="personal" xlink:href=""><namePart lang="chi" script="Hant">納富忠一編輯</namePart><role><roleTerm type="text">author</roleTerm></role></name><titleInfo lang="chi" script="Hant"><title>陸軍士官學校志望者必攜</title></titleInfo><note type="citation">日本書目志,卷十,教育門,教育雜書,p 947</note><note type="price">三角</note><identifier type="mh">book_4906</identifier></mods>