<mods xmlns="http://www.loc.gov/mods/v3" xmlns:xsi="http://www.w3.org/2001/XMLSchema-instance" xmlns:xlink="http://www.w3.org/1999/xlink" version="3.6" xsi:schemaLocation="http://www.loc.gov/mods/v3 http://cluster-schemas.uni-hd.de/modsCluster.xsd" ID="uuid-09821BF2-BD2E-4ACE-8301-9219ECEFF84B"><name type="personal" xlink:href=""><namePart lang="chi" script="Hant">有賀長雄著</namePart><role><roleTerm type="text">author</roleTerm></role></name><titleInfo lang="chi" script="Hant"><title> 增補 社會進化論</title></titleInfo><note type="citation">日本書目志,卷五,政治門,社會學,p 759</note><note type="price">一圓三角</note><identifier type="mh">book_2911</identifier></mods>