<mods xmlns="http://www.loc.gov/mods/v3" xmlns:xsi="http://www.w3.org/2001/XMLSchema-instance" xmlns:xlink="http://www.w3.org/1999/xlink" version="3.6" xsi:schemaLocation="http://www.loc.gov/mods/v3 http://cluster-schemas.uni-hd.de/modsCluster.xsd" ID="uuid-00AA3E1F-9BAF-4023-80C6-A8C41D00943A"><titleInfo lang="chi" script="Hant"><title> 大岡政談 村井長庵實記</title></titleInfo><note type="citation">日本書目志,卷十四,小說門,小說,p 1154</note><note type="price">三分</note><identifier type="mh">book_7746</identifier></mods>