<mods xmlns="http://www.loc.gov/mods/v3" xmlns:xsi="http://www.w3.org/2001/XMLSchema-instance" xmlns:xlink="http://www.w3.org/1999/xlink" version="3.6" xsi:schemaLocation="http://www.loc.gov/mods/v3 http://cluster-schemas.uni-hd.de/modsCluster.xsd" ID="uuid-02FEF81F-591B-46D9-9E9E-F6675526B689"><name type="personal" xlink:href=""><namePart lang="chi" script="Hant">一柳直宰譯</namePart><role><roleTerm type="text">author</roleTerm></role></name><titleInfo lang="chi" script="Hant"><title>獸醫內科書</title></titleInfo><note type="citation">日本書目志,卷一,生理門,獸醫學,p 617</note><note type="price">一圓八角</note><identifier type="mh">book_1262</identifier></mods>