<mods xmlns="http://www.loc.gov/mods/v3" xmlns:xsi="http://www.w3.org/2001/XMLSchema-instance" xmlns:xlink="http://www.w3.org/1999/xlink" version="3.6" xsi:schemaLocation="http://www.loc.gov/mods/v3 http://cluster-schemas.uni-hd.de/modsCluster.xsd" ID="uuid-0B4A54A3-0B4F-4C25-AA2F-63EC2BA67AF5"><name type="personal" xlink:href=""><namePart lang="chi" script="Hant">岡本半溪著</namePart><role><roleTerm type="text">author</roleTerm></role></name><titleInfo lang="chi" script="Hant"><title>里之鶯</title></titleInfo><note type="citation">日本書目志,卷十四,小說門,小說,p 1183</note><note type="price">八分</note><identifier type="mh">book_8177</identifier></mods>