<mods xmlns="http://www.loc.gov/mods/v3" xmlns:xsi="http://www.w3.org/2001/XMLSchema-instance" xmlns:xlink="http://www.w3.org/1999/xlink" version="3.6" xsi:schemaLocation="http://www.loc.gov/mods/v3 http://cluster-schemas.uni-hd.de/modsCluster.xsd" ID="uuid-08F476E8-3186-4465-8865-727A2E7113D2"><titleInfo lang="chi" script="Hant"><title>法國農務說</title></titleInfo><note type="citation">增版東西學書錄,卷二,農政第六,農務,p 119</note><abstract type="summary"> 法國農務說一卷 嶺學報本   馮維綱譯，法之為國也商務不如美，礦不如日耳曼，生計之勤不如英，而農事 所獲歲值一千八百餘兆，惟俄足與之較，故雖普法之戰賠款極巨，不數年即 成雄國。斯篇臚陳土地，備攷方里為詳會計，次及農官，次及農學，終為農事條 其品目，而法之農事備矣。 [顧補]  </abstract><identifier type="mh">book_266</identifier></mods>