<mods xmlns="http://www.loc.gov/mods/v3" xmlns:xsi="http://www.w3.org/2001/XMLSchema-instance" xmlns:xlink="http://www.w3.org/1999/xlink" version="3.6" xsi:schemaLocation="http://www.loc.gov/mods/v3 http://cluster-schemas.uni-hd.de/modsCluster.xsd" ID="uuid-0DC3AA8E-CB78-4DBF-99C0-8D4F828A5A12"><name type="personal" xlink:href=""><namePart lang="chi" script="Hant">日下部三之介著</namePart><role><roleTerm type="text">author</roleTerm></role></name><titleInfo lang="chi" script="Hant"><title>教育典範</title></titleInfo><note type="citation">日本書目志,卷十,教育門,教育學書,p 928</note><note type="price">六角</note><identifier type="mh">book_4685</identifier></mods>