<mods xmlns="http://www.loc.gov/mods/v3" xmlns:xsi="http://www.w3.org/2001/XMLSchema-instance" xmlns:xlink="http://www.w3.org/1999/xlink" version="3.6" xsi:schemaLocation="http://www.loc.gov/mods/v3 http://cluster-schemas.uni-hd.de/modsCluster.xsd" ID="uuid-08F0DB69-A509-4DF4-9533-FC36C4273212"><name type="personal" xlink:href=""><namePart lang="chi" script="Hant">明治法律學校講述</namePart><role><roleTerm type="text">author</roleTerm></role></name><titleInfo lang="chi" script="Hant"><title>商法正義</title></titleInfo><note type="citation">日本書目志,卷六,法律門,商法,p 794</note><note type="price">七圓九角</note><identifier type="mh">book_3333</identifier></mods>