<mods xmlns="http://www.loc.gov/mods/v3" xmlns:xsi="http://www.w3.org/2001/XMLSchema-instance" xmlns:xlink="http://www.w3.org/1999/xlink" version="3.6" xsi:schemaLocation="http://www.loc.gov/mods/v3 http://cluster-schemas.uni-hd.de/modsCluster.xsd" ID="uuid-05CF5CAC-4384-41C4-9B39-92F8D0E82BFB"><name type="personal" xlink:href=""><namePart lang="chi" script="Hant">柏莚著</namePart><role><roleTerm type="text">author</roleTerm></role></name><titleInfo lang="chi" script="Hant"><title>老之樂 《溫知叢書》第一編之內 </title></titleInfo><note type="citation">日本書目志,卷十四,小說門,小說,p 1208</note><note type="price">二角五分</note><identifier type="mh">book_8565</identifier></mods>