<mods xmlns="http://www.loc.gov/mods/v3" xmlns:xsi="http://www.w3.org/2001/XMLSchema-instance" xmlns:xlink="http://www.w3.org/1999/xlink" version="3.6" xsi:schemaLocation="http://www.loc.gov/mods/v3 http://cluster-schemas.uni-hd.de/modsCluster.xsd" ID="uuid-0CF9270A-2203-4E2D-971C-F5685E55EE77"><name type="personal" xlink:href=""><namePart lang="chi" script="Hant">瀧亭鯉文著</namePart><role><roleTerm type="text">author</roleTerm></role></name><titleInfo lang="chi" script="Hant"><title>花曆八笑人</title></titleInfo><note type="citation">日本書目志,卷十四,小說門,小說,p 1146</note><note type="price">七角五分</note><identifier type="mh">book_7627</identifier></mods>