<mods xmlns="http://www.loc.gov/mods/v3" xmlns:xsi="http://www.w3.org/2001/XMLSchema-instance" xmlns:xlink="http://www.w3.org/1999/xlink" version="3.6" xsi:schemaLocation="http://www.loc.gov/mods/v3 http://cluster-schemas.uni-hd.de/modsCluster.xsd" ID="uuid-0DC94453-FF84-4518-9166-6FAE9C484F2F"><titleInfo lang="chi" script="Hant"><title>印度商工業之四大種</title></titleInfo><note type="citation">增版東西學書錄,卷二,商務第九,商學,p 168</note><abstract type="summary"> 印度商工業之四大種一卷 湖北商務報本   [日本]中外商業新報原本，湖北商務報館譯，一製麻、二咖啡、三阿片、四棉花皆 列表編年攷，其地積產額收穫而與棉花之關繫，尤致意焉。 [顧補]  </abstract><identifier type="mh">book_467</identifier></mods>