<mods xmlns="http://www.loc.gov/mods/v3" xmlns:xsi="http://www.w3.org/2001/XMLSchema-instance" xmlns:xlink="http://www.w3.org/1999/xlink" version="3.6" xsi:schemaLocation="http://www.loc.gov/mods/v3 http://cluster-schemas.uni-hd.de/modsCluster.xsd" ID="uuid-0A22CD26-E851-4760-801C-6B0A41C7EC18"><titleInfo lang="chi" script="Hant"><title>紙屋治兵衛時雨之炬燵</title></titleInfo><note type="citation">日本書目志,卷十一,文學門,戲曲,p 1011</note><note type="price">五分九釐</note><identifier type="mh">book_5806</identifier></mods>