<mods xmlns="http://www.loc.gov/mods/v3" xmlns:xsi="http://www.w3.org/2001/XMLSchema-instance" xmlns:xlink="http://www.w3.org/1999/xlink" version="3.6" xsi:schemaLocation="http://www.loc.gov/mods/v3 http://cluster-schemas.uni-hd.de/modsCluster.xsd" ID="uuid-0320F4D2-7053-47D2-8BAE-6C325B6E8CF5"><name type="personal" xlink:href=""><namePart lang="chi" script="Hant">  磯部四郎著</namePart><role><roleTerm type="text">author</roleTerm></role></name><titleInfo lang="chi" script="Hant"><title> 大日本新典 民法釋義 既刊五冊 </title></titleInfo><note type="citation">日本書目志,卷六,法律門,民法,p 789</note><note type="price">八圓九角</note><identifier type="mh">book_3266</identifier></mods>