<mods xmlns="http://www.loc.gov/mods/v3" xmlns:xsi="http://www.w3.org/2001/XMLSchema-instance" xmlns:xlink="http://www.w3.org/1999/xlink" version="3.6" xsi:schemaLocation="http://www.loc.gov/mods/v3 http://cluster-schemas.uni-hd.de/modsCluster.xsd" ID="uuid-0BC12847-7C60-47A7-8FF7-6ECA405CAB06"><name type="personal" xlink:href=""><namePart lang="chi" script="Hant">末松謙澄著</namePart><role><roleTerm type="text">author</roleTerm></role></name><titleInfo lang="chi" script="Hant"><title>勅諭修身經詳解 小學校用 </title></titleInfo><note type="citation">日本書目志,卷十,教育門,修身書小學校用,p 915</note><note type="price">二角二分</note><identifier type="mh">book_4516</identifier></mods>