<mods xmlns="http://www.loc.gov/mods/v3" xmlns:xsi="http://www.w3.org/2001/XMLSchema-instance" xmlns:xlink="http://www.w3.org/1999/xlink" version="3.6" xsi:schemaLocation="http://www.loc.gov/mods/v3 http://cluster-schemas.uni-hd.de/modsCluster.xsd" ID="uuid-0D463D22-8472-423C-8014-CE2C25CDD0CC"><name type="personal" xlink:href=""><namePart lang="chi" script="Hant">竹原鼎編輯</namePart><role><roleTerm type="text">author</roleTerm></role></name><titleInfo lang="chi" script="Hant"><title> 東京新刻 廣益會玉篇</title></titleInfo><note type="citation">日本書目志,卷十二,文字語言門,辭書,p 1067</note><note type="price">五角</note><identifier type="mh">book_6578</identifier></mods>