<mods xmlns="http://www.loc.gov/mods/v3" xmlns:xsi="http://www.w3.org/2001/XMLSchema-instance" xmlns:xlink="http://www.w3.org/1999/xlink" version="3.6" xsi:schemaLocation="http://www.loc.gov/mods/v3 http://cluster-schemas.uni-hd.de/modsCluster.xsd" ID="uuid-04DFA5E6-9E2F-4792-87F9-E26C5E501343"><name type="personal" xlink:href=""><namePart lang="chi" script="Hant">曲亭馬琹著</namePart><role><roleTerm type="text">author</roleTerm></role></name><titleInfo lang="chi" script="Hant"><title>石童丸苅萱物語</title></titleInfo><note type="citation">日本書目志,卷十四,小說門,小說,p 1144</note><note type="price">六分</note><identifier type="mh">book_7594</identifier></mods>