<mods xmlns="http://www.loc.gov/mods/v3" xmlns:xsi="http://www.w3.org/2001/XMLSchema-instance" xmlns:xlink="http://www.w3.org/1999/xlink" version="3.6" xsi:schemaLocation="http://www.loc.gov/mods/v3 http://cluster-schemas.uni-hd.de/modsCluster.xsd" ID="uuid-036751DC-8A7A-4EF2-96CB-13CFBA956FDA"><titleInfo lang="chi" script="Hant"><title> 小學遊戲 源平智惠競</title></titleInfo><note type="citation">日本書目志,卷十三,美術門,遊戲書,p 1124</note><note type="price">五分</note><identifier type="mh">book_7338</identifier></mods>