<mods xmlns="http://www.loc.gov/mods/v3" xmlns:xsi="http://www.w3.org/2001/XMLSchema-instance" xmlns:xlink="http://www.w3.org/1999/xlink" version="3.6" xsi:schemaLocation="http://www.loc.gov/mods/v3 http://cluster-schemas.uni-hd.de/modsCluster.xsd" ID="uuid-04BDC411-8EE9-4FA6-A6EE-9B0C00B2D296"><name type="personal" xlink:href=""><namePart lang="chi" script="Hant">竹田出雲、三好松洛合作</namePart><role><roleTerm type="text">author</roleTerm></role></name><titleInfo lang="chi" script="Hant"><title> 義太夫丸本 菅原傳授手習鑑</title></titleInfo><note type="citation">日本書目志,卷十一,文學門,戲曲,p 1006</note><note type="price">一角</note><identifier type="mh">book_5725</identifier></mods>