<mods xmlns="http://www.loc.gov/mods/v3" xmlns:xsi="http://www.w3.org/2001/XMLSchema-instance" xmlns:xlink="http://www.w3.org/1999/xlink" version="3.6" xsi:schemaLocation="http://www.loc.gov/mods/v3 http://cluster-schemas.uni-hd.de/modsCluster.xsd" ID="uuid-0C3AC9DE-C8F1-4CEA-B7ED-9CD6B6C8328C"><titleInfo lang="chi" script="Hant"><title>四聲解環</title></titleInfo><note type="citation">日本書目志,卷十一,文學門,作詩及詩集,p 969</note><note type="price">九角</note><identifier type="mh">book_5187</identifier></mods>