<mods xmlns="http://www.loc.gov/mods/v3" xmlns:xsi="http://www.w3.org/2001/XMLSchema-instance" xmlns:xlink="http://www.w3.org/1999/xlink" version="3.6" xsi:schemaLocation="http://www.loc.gov/mods/v3 http://cluster-schemas.uni-hd.de/modsCluster.xsd" ID="uuid-0CB18932-1D4B-4F49-9AAF-893D2E5AF373"><titleInfo lang="chi" script="Hant"><title>染模樣染久松質屋段</title></titleInfo><note type="citation">日本書目志,卷十一,文學門,戲曲,p 1010</note><note type="price">八分三釐</note><identifier type="mh">book_5782</identifier></mods>