<mods xmlns="http://www.loc.gov/mods/v3" xmlns:xsi="http://www.w3.org/2001/XMLSchema-instance" xmlns:xlink="http://www.w3.org/1999/xlink" version="3.6" xsi:schemaLocation="http://www.loc.gov/mods/v3 http://cluster-schemas.uni-hd.de/modsCluster.xsd" ID="uuid-0200F016-9A4A-4149-BD1D-1F90E3374F85"><name type="personal" xlink:href=""><namePart lang="chi" script="Hant">三遊亭圓朝著</namePart><role><roleTerm type="text">author</roleTerm></role></name><titleInfo lang="chi" script="Hant"><title>粟田口霑笛竹</title></titleInfo><note type="citation">日本書目志,卷十四,小說門,小說,p 1181</note><note type="price">一角五分</note><identifier type="mh">book_8148</identifier></mods>