<mods xmlns="http://www.loc.gov/mods/v3" xmlns:xsi="http://www.w3.org/2001/XMLSchema-instance" xmlns:xlink="http://www.w3.org/1999/xlink" version="3.6" xsi:schemaLocation="http://www.loc.gov/mods/v3 http://cluster-schemas.uni-hd.de/modsCluster.xsd" ID="uuid-089134D0-1848-4397-BA6E-5A94E677D4A5"><name type="personal" xlink:href=""><namePart lang="chi" script="Hant">葛飾北齋筆</namePart><role><roleTerm type="text">author</roleTerm></role></name><titleInfo lang="chi" script="Hant"><title>淨瑠璃圖繪</title></titleInfo><note type="citation">日本書目志,卷十三,美術門,繪畫書,p 1099</note><note type="price">七角五分</note><identifier type="mh">book_6996</identifier></mods>