<mods xmlns="http://www.loc.gov/mods/v3" xmlns:xsi="http://www.w3.org/2001/XMLSchema-instance" xmlns:xlink="http://www.w3.org/1999/xlink" version="3.6" xsi:schemaLocation="http://www.loc.gov/mods/v3 http://cluster-schemas.uni-hd.de/modsCluster.xsd" ID="uuid-0369E31C-EA04-40D0-B811-A2EC37E6D6D5"><name type="personal" xlink:href=""><namePart lang="chi" script="Hant">三石寅吉著</namePart><role><roleTerm type="text">author</roleTerm></role></name><titleInfo lang="chi" script="Hant"><title>勅語衍義考證</title></titleInfo><note type="citation">日本書目志,卷十,教育門,勅語書,p 908</note><note type="price">近刻</note><identifier type="mh">book_4411</identifier></mods>