<mods xmlns="http://www.loc.gov/mods/v3" xmlns:xsi="http://www.w3.org/2001/XMLSchema-instance" xmlns:xlink="http://www.w3.org/1999/xlink" version="3.6" xsi:schemaLocation="http://www.loc.gov/mods/v3 http://cluster-schemas.uni-hd.de/modsCluster.xsd" ID="uuid-0D6B7C84-FF5A-4105-A922-367888796279"><name type="personal" xlink:href=""><namePart lang="chi" script="Hant">增川蚶雄、辻敬之、山名留三郎同編</namePart><role><roleTerm type="text">author</roleTerm></role></name><titleInfo lang="chi" script="Hant"><title>錦繪修身談</title></titleInfo><note type="citation">日本書目志,卷十,教育門,教訓教草修身雜書類,p 911</note><note type="price">八角四分</note><identifier type="mh">book_4445</identifier></mods>