<mods xmlns="http://www.loc.gov/mods/v3" xmlns:xsi="http://www.w3.org/2001/XMLSchema-instance" xmlns:xlink="http://www.w3.org/1999/xlink" version="3.6" xsi:schemaLocation="http://www.loc.gov/mods/v3 http://cluster-schemas.uni-hd.de/modsCluster.xsd" ID="uuid-0C75214E-3DED-4F9F-80A8-1EC3238209CC"><titleInfo lang="chi" script="Hant"><title>東錦</title></titleInfo><note type="citation">日本書目志,卷十四,小說門,小說,p 1181</note><note type="price">八分</note><identifier type="mh">book_8156</identifier></mods>