<mods xmlns="http://www.loc.gov/mods/v3" xmlns:xsi="http://www.w3.org/2001/XMLSchema-instance" xmlns:xlink="http://www.w3.org/1999/xlink" version="3.6" xsi:schemaLocation="http://www.loc.gov/mods/v3 http://cluster-schemas.uni-hd.de/modsCluster.xsd" ID="uuid-057D9E63-98DB-49E1-86C9-D3A06B346F96"><name type="personal" xlink:href=""><namePart lang="chi" script="Hant">山縣</namePart><role><roleTerm type="text">author</roleTerm></role></name><titleInfo lang="chi" script="Hant"><title>新定修身書 高等小學教師用 </title></titleInfo><note type="citation">日本書目志,卷十,教育門,修身書小學校用,p 921</note><identifier type="mh">book_4601</identifier></mods>