<mods xmlns="http://www.loc.gov/mods/v3" xmlns:xsi="http://www.w3.org/2001/XMLSchema-instance" xmlns:xlink="http://www.w3.org/1999/xlink" version="3.6" xsi:schemaLocation="http://www.loc.gov/mods/v3 http://cluster-schemas.uni-hd.de/modsCluster.xsd" ID="uuid-05C0634C-4B27-43BA-91B5-3F25D66EEFAC"><name type="personal" xlink:href=""><namePart lang="chi" script="Hant">足立寬譯</namePart><role><roleTerm type="text">author</roleTerm></role></name><titleInfo lang="chi" script="Hant"><title>彪氏外科各論</title></titleInfo><note type="citation">日本書目志,卷一,生理門,外科學,p 608</note><note type="price">十二圓八角</note><identifier type="mh">book_1138</identifier></mods>