<mods xmlns="http://www.loc.gov/mods/v3" xmlns:xsi="http://www.w3.org/2001/XMLSchema-instance" xmlns:xlink="http://www.w3.org/1999/xlink" version="3.6" xsi:schemaLocation="http://www.loc.gov/mods/v3 http://cluster-schemas.uni-hd.de/modsCluster.xsd" ID="uuid-0D6FF936-2BAE-466E-BA9C-1ACF760D97EB"><name type="personal" xlink:href=""><namePart lang="chi" script="Hant">司法省記錄課編纂</namePart><role><roleTerm type="text">author</roleTerm></role></name><titleInfo lang="chi" script="Hant"><title> 非現行 類聚法規</title></titleInfo><note type="citation">日本書目志,卷六,法律門,法規雜書,p 809</note><note type="price">五圓</note><identifier type="mh">book_3542</identifier></mods>