<mods xmlns="http://www.loc.gov/mods/v3" xmlns:xsi="http://www.w3.org/2001/XMLSchema-instance" xmlns:xlink="http://www.w3.org/1999/xlink" version="3.6" xsi:schemaLocation="http://www.loc.gov/mods/v3 http://cluster-schemas.uni-hd.de/modsCluster.xsd" ID="uuid-0E50712D-ED5E-4D15-8755-46FCC260EA2D"><titleInfo lang="chi" script="Hant"><title>繪入萬國歷史 《幼年全書》第十二編 </title></titleInfo><note type="citation">日本書目志,卷四,圖史門,萬國歷史,p 699</note><note type="price">一角五分</note><identifier type="mh">book_2175</identifier></mods>