<mods xmlns="http://www.loc.gov/mods/v3" xmlns:xsi="http://www.w3.org/2001/XMLSchema-instance" xmlns:xlink="http://www.w3.org/1999/xlink" version="3.6" xsi:schemaLocation="http://www.loc.gov/mods/v3 http://cluster-schemas.uni-hd.de/modsCluster.xsd" ID="uuid-036835B0-C07A-4E53-90E4-8CA062FAD381"><name type="personal" xlink:href=""><namePart lang="chi" script="Hant">依田百川校　藤森弘庵著</namePart><role><roleTerm type="text">author</roleTerm></role></name><titleInfo lang="chi" script="Hant"><title>課兒詩</title></titleInfo><note type="citation">日本書目志,卷十一,文學門,詩集,p 971</note><note type="price">二角</note><identifier type="mh">book_5211</identifier></mods>