<mods xmlns="http://www.loc.gov/mods/v3" xmlns:xsi="http://www.w3.org/2001/XMLSchema-instance" xmlns:xlink="http://www.w3.org/1999/xlink" version="3.6" xsi:schemaLocation="http://www.loc.gov/mods/v3 http://cluster-schemas.uni-hd.de/modsCluster.xsd" ID="uuid-030565F6-11E4-43F3-958A-9A11CED8FC58"><name type="personal" xlink:href=""><namePart lang="chi" script="Hant">文部省藏版</namePart><role><roleTerm type="text">author</roleTerm></role></name><titleInfo lang="chi" script="Hant"><title>羅馬史略</title></titleInfo><note type="citation">日本書目志,卷四,圖史門,各國歷史,p 700</note><note type="price">一圓三角九分二釐</note><identifier type="mh">book_2182</identifier></mods>