<mods xmlns="http://www.loc.gov/mods/v3" xmlns:xsi="http://www.w3.org/2001/XMLSchema-instance" xmlns:xlink="http://www.w3.org/1999/xlink" version="3.6" xsi:schemaLocation="http://www.loc.gov/mods/v3 http://cluster-schemas.uni-hd.de/modsCluster.xsd" ID="uuid-00294F72-4D4F-41FB-A245-0F0422D73CF5"><name type="personal" xlink:href=""><namePart lang="chi" script="Hant">小笠原勝刪修</namePart><role><roleTerm type="text">author</roleTerm></role></name><titleInfo lang="chi" script="Hant"><title>續國史略</title></titleInfo><note type="citation">日本書目志,卷四,圖史門,日本史,p 706</note><note type="price">大五角三分　小四角</note><identifier type="mh">book_2270</identifier></mods>