<mods xmlns="http://www.loc.gov/mods/v3" xmlns:xsi="http://www.w3.org/2001/XMLSchema-instance" xmlns:xlink="http://www.w3.org/1999/xlink" version="3.6" xsi:schemaLocation="http://www.loc.gov/mods/v3 http://cluster-schemas.uni-hd.de/modsCluster.xsd" ID="uuid-00DD4147-2128-414C-9D8F-7BAADF0AB9ED"><name type="personal" xlink:href=""><namePart lang="chi" script="Hant">平沼俶郎譯</namePart><role><roleTerm type="text">author</roleTerm></role></name><titleInfo lang="chi" script="Hant"><title>論理史評</title></titleInfo><note type="citation">日本書目志,卷二,理學門,論理學,p 654</note><note type="price">二角五分</note><identifier type="mh">book_1643</identifier></mods>