<mods xmlns="http://www.loc.gov/mods/v3" xmlns:xsi="http://www.w3.org/2001/XMLSchema-instance" xmlns:xlink="http://www.w3.org/1999/xlink" version="3.6" xsi:schemaLocation="http://www.loc.gov/mods/v3 http://cluster-schemas.uni-hd.de/modsCluster.xsd" ID="uuid-07A89DF0-2CE7-4304-9F75-7BCD24BF0B4E"><name type="personal" xlink:href=""><namePart lang="chi" script="Hant">西川麻五郎纂</namePart><role><roleTerm type="text">author</roleTerm></role></name><titleInfo lang="chi" script="Hant"><title> 《勸農叢書》 釀造篇</title></titleInfo><note type="citation">日本書目志,卷八,工業門,釀造書,p 884</note><note type="price">三角</note><identifier type="mh">book_4199</identifier></mods>