<mods xmlns="http://www.loc.gov/mods/v3" xmlns:xsi="http://www.w3.org/2001/XMLSchema-instance" xmlns:xlink="http://www.w3.org/1999/xlink" version="3.6" xsi:schemaLocation="http://www.loc.gov/mods/v3 http://cluster-schemas.uni-hd.de/modsCluster.xsd" ID="uuid-07709655-5572-4818-8260-9EF0BF1C57B7"><name type="personal" xlink:href=""><namePart lang="chi" script="Hant">河保壽書</namePart><role><roleTerm type="text">author</roleTerm></role></name><titleInfo lang="chi" script="Hant"><title>蒙求標題</title></titleInfo><note type="citation">日本書目志,卷十,教育門,言行錄,p 924</note><note type="price">一角</note><identifier type="mh">book_4638</identifier></mods>