<mods xmlns="http://www.loc.gov/mods/v3" xmlns:xsi="http://www.w3.org/2001/XMLSchema-instance" xmlns:xlink="http://www.w3.org/1999/xlink" version="3.6" xsi:schemaLocation="http://www.loc.gov/mods/v3 http://cluster-schemas.uni-hd.de/modsCluster.xsd" ID="uuid-07DA8735-9C5C-4396-AAB2-472D5BD4ED2F"><name type="personal" xlink:href=""><namePart lang="chi" script="Hant">萩野由之助</namePart><role><roleTerm type="text">author</roleTerm></role></name><titleInfo lang="chi" script="Hant"><title> 中等教育 作文法</title></titleInfo><note type="citation">日本書目志,卷十二,文字語言門,作文書學校用,p 1041</note><note type="price">七角</note><identifier type="mh">book_6187</identifier></mods>