<mods xmlns="http://www.loc.gov/mods/v3" xmlns:xsi="http://www.w3.org/2001/XMLSchema-instance" xmlns:xlink="http://www.w3.org/1999/xlink" version="3.6" xsi:schemaLocation="http://www.loc.gov/mods/v3 http://cluster-schemas.uni-hd.de/modsCluster.xsd" ID="uuid-0444EE1B-7E07-4AE5-97B9-CEEE917E8F8A"><name type="personal" xlink:href=""><namePart lang="chi" script="Hant">貝原益軒著　卷菱潭書</namePart><role><roleTerm type="text">author</roleTerm></role></name><titleInfo lang="chi" script="Hant"><title>女大學寶文庫</title></titleInfo><note type="citation">日本書目志,卷十一,文學門,習字本,p 1016</note><note type="price">一角五分</note><identifier type="mh">book_5864</identifier></mods>