<mods xmlns="http://www.loc.gov/mods/v3" xmlns:xsi="http://www.w3.org/2001/XMLSchema-instance" xmlns:xlink="http://www.w3.org/1999/xlink" version="3.6" xsi:schemaLocation="http://www.loc.gov/mods/v3 http://cluster-schemas.uni-hd.de/modsCluster.xsd" ID="uuid-024F40C3-20B7-4EE1-B165-10DBED2AFAB7"><name type="personal" xlink:href=""><namePart lang="chi" script="Hant">飯高芳康譯</namePart><role><roleTerm type="text">author</roleTerm></role></name><titleInfo lang="chi" script="Hant"><title>耳科攬要</title></titleInfo><note type="citation">日本書目志,卷一,生理門,耳科學,p 610</note><note type="price">八角五分</note><identifier type="mh">book_1172</identifier></mods>