<mods xmlns="http://www.loc.gov/mods/v3" xmlns:xsi="http://www.w3.org/2001/XMLSchema-instance" xmlns:xlink="http://www.w3.org/1999/xlink" version="3.6" xsi:schemaLocation="http://www.loc.gov/mods/v3 http://cluster-schemas.uni-hd.de/modsCluster.xsd" ID="uuid-07B9F57B-D6F3-437E-BD5C-A34256ED1A26"><name type="personal" xlink:href=""><namePart lang="chi" script="Hant">渡邊益編輯</namePart><role><roleTerm type="text">author</roleTerm></role></name><titleInfo lang="chi" script="Hant"><title> 增補新撰 二體東京節用</title></titleInfo><note type="citation">日本書目志,卷十二,文字語言門,伊吕波引,p 1072</note><note type="price">五角</note><identifier type="mh">book_6647</identifier></mods>