<mods xmlns="http://www.loc.gov/mods/v3" xmlns:xsi="http://www.w3.org/2001/XMLSchema-instance" xmlns:xlink="http://www.w3.org/1999/xlink" version="3.6" xsi:schemaLocation="http://www.loc.gov/mods/v3 http://cluster-schemas.uni-hd.de/modsCluster.xsd" ID="uuid-0C16EEF6-CDC1-49EA-8BE1-030F7EF5FB36"><name type="personal" xlink:href=""><namePart lang="chi" script="Hant">平瀨作五郎著</namePart><role><roleTerm type="text">author</roleTerm></role></name><titleInfo lang="chi" script="Hant"><title>圖畫指要臨本解說 小學校用 </title></titleInfo><note type="citation">日本書目志,卷十三,美術門,畫手本學校用,p 1111</note><note type="price">二角三分</note><identifier type="mh">book_7179</identifier></mods>