<mods xmlns="http://www.loc.gov/mods/v3" xmlns:xsi="http://www.w3.org/2001/XMLSchema-instance" xmlns:xlink="http://www.w3.org/1999/xlink" version="3.6" xsi:schemaLocation="http://www.loc.gov/mods/v3 http://cluster-schemas.uni-hd.de/modsCluster.xsd" ID="uuid-0B991325-E201-49ED-A8E7-13C91B09606C"><name type="personal" xlink:href=""><namePart lang="chi" script="Hant">大藏省藏板</namePart><role><roleTerm type="text">author</roleTerm></role></name><titleInfo lang="chi" script="Hant"><title>漁產一斑</title></titleInfo><note type="citation">日本書目志,卷七,農業門,漁產書,p 859</note><note type="price">三角</note><identifier type="mh">book_3974</identifier></mods>