<mods xmlns="http://www.loc.gov/mods/v3" xmlns:xsi="http://www.w3.org/2001/XMLSchema-instance" xmlns:xlink="http://www.w3.org/1999/xlink" version="3.6" xsi:schemaLocation="http://www.loc.gov/mods/v3 http://cluster-schemas.uni-hd.de/modsCluster.xsd" ID="uuid-09104128-C4D9-41A3-B693-26E797A365AA"><titleInfo lang="chi" script="Hant"><title>繪本通俗三國志</title></titleInfo><note type="citation">日本書目志,卷十四,小說門,小說,p 1198</note><note type="price">二角</note><identifier type="mh">book_8403</identifier></mods>