<mods xmlns="http://www.loc.gov/mods/v3" xmlns:xsi="http://www.w3.org/2001/XMLSchema-instance" xmlns:xlink="http://www.w3.org/1999/xlink" version="3.6" xsi:schemaLocation="http://www.loc.gov/mods/v3 http://cluster-schemas.uni-hd.de/modsCluster.xsd" ID="uuid-03F5BB78-BD48-4434-A3B9-87CB66ADD8E7"><name type="personal" xlink:href=""><namePart lang="chi" script="Hant">佐藤昌介譯</namePart><role><roleTerm type="text">author</roleTerm></role></name><titleInfo lang="chi" script="Hant"><title>威氏經濟學</title></titleInfo><note type="citation">日本書目志,卷五,政治門,經濟學,p 766</note><note type="price">一圓二角五分</note><identifier type="mh">book_3000</identifier></mods>