<mods xmlns="http://www.loc.gov/mods/v3" xmlns:xsi="http://www.w3.org/2001/XMLSchema-instance" xmlns:xlink="http://www.w3.org/1999/xlink" version="3.6" xsi:schemaLocation="http://www.loc.gov/mods/v3 http://cluster-schemas.uni-hd.de/modsCluster.xsd" ID="uuid-0519AA5A-1FA0-4283-956D-A913687D650D"><name type="personal" xlink:href=""><namePart lang="chi" script="Hant">田中登作編</namePart><role><roleTerm type="text">author</roleTerm></role></name><titleInfo lang="chi" script="Hant"><title> 分割 日本地圖</title></titleInfo><note type="citation">日本書目志,卷四,圖史門,地圖小學校用,p 684</note><note type="price">四圓五角</note><identifier type="mh">book_1968</identifier></mods>