<mods xmlns="http://www.loc.gov/mods/v3" xmlns:xsi="http://www.w3.org/2001/XMLSchema-instance" xmlns:xlink="http://www.w3.org/1999/xlink" version="3.6" xsi:schemaLocation="http://www.loc.gov/mods/v3 http://cluster-schemas.uni-hd.de/modsCluster.xsd" ID="uuid-0C364E86-E8C9-466E-B489-BCB807CDE1AE"><name type="personal" xlink:href=""><namePart lang="chi" script="Hant">奈良專二著　岡松雍校定</namePart><role><roleTerm type="text">author</roleTerm></role></name><titleInfo lang="chi" script="Hant"><title>農家得益辨</title></titleInfo><note type="citation">日本書目志,卷七,農業門,農學總記,p 823</note><note type="price">二角五分</note><identifier type="mh">book_3623</identifier></mods>