<mods xmlns="http://www.loc.gov/mods/v3" xmlns:xsi="http://www.w3.org/2001/XMLSchema-instance" xmlns:xlink="http://www.w3.org/1999/xlink" version="3.6" xsi:schemaLocation="http://www.loc.gov/mods/v3 http://cluster-schemas.uni-hd.de/modsCluster.xsd" ID="uuid-0BCAC2B5-EDB7-4822-983B-DDF31AA9DE7B"><name type="personal" xlink:href=""><namePart lang="chi" script="Hant">佐藤信淵著</namePart><role><roleTerm type="text">author</roleTerm></role></name><titleInfo lang="chi" script="Hant"><title>土性辨</title></titleInfo><note type="citation">日本書目志,卷七,農業門,土壤類,p 829</note><note type="price">五角</note><identifier type="mh">book_3686</identifier></mods>