<mods xmlns="http://www.loc.gov/mods/v3" xmlns:xsi="http://www.w3.org/2001/XMLSchema-instance" xmlns:xlink="http://www.w3.org/1999/xlink" version="3.6" xsi:schemaLocation="http://www.loc.gov/mods/v3 http://cluster-schemas.uni-hd.de/modsCluster.xsd" ID="uuid-0D57DC2C-9618-4B42-A7B3-8748D86FF3B1"><name type="personal" xlink:href=""><namePart lang="chi" script="Hant">內田嘉一著</namePart><role><roleTerm type="text">author</roleTerm></role></name><titleInfo lang="chi" script="Hant"><title>小學讀本 小學校用 </title></titleInfo><note type="citation">日本書目志,卷十,教育門,小學讀本,p 950</note><note type="price">一圓二角</note><identifier type="mh">book_4962</identifier></mods>