<mods xmlns="http://www.loc.gov/mods/v3" xmlns:xsi="http://www.w3.org/2001/XMLSchema-instance" xmlns:xlink="http://www.w3.org/1999/xlink" version="3.6" xsi:schemaLocation="http://www.loc.gov/mods/v3 http://cluster-schemas.uni-hd.de/modsCluster.xsd" ID="uuid-07899A94-7690-45C0-9CB6-552326C902F7"><name type="personal" xlink:href=""><namePart lang="chi" script="Hant">秋山仙樸著</namePart><role><roleTerm type="text">author</roleTerm></role></name><titleInfo lang="chi" script="Hant"><title> 鼇頭秘傳 新撰圍碁大全</title></titleInfo><note type="citation">日本書目志,卷十三,美術門,茶湯書,p 1130</note><note type="price">一角五分</note><identifier type="mh">book_7439</identifier></mods>