<mods xmlns="http://www.loc.gov/mods/v3" xmlns:xsi="http://www.w3.org/2001/XMLSchema-instance" xmlns:xlink="http://www.w3.org/1999/xlink" version="3.6" xsi:schemaLocation="http://www.loc.gov/mods/v3 http://cluster-schemas.uni-hd.de/modsCluster.xsd" ID="uuid-0DB1C185-E273-49A8-A3A2-F0AC6C6D0973"><name type="personal" xlink:href=""><namePart lang="chi" script="Hant">文部省藏板</namePart><role><roleTerm type="text">author</roleTerm></role></name><titleInfo lang="chi" script="Hant"><title> 《百科全書》 北亞米利加地誌</title></titleInfo><note type="citation">日本書目志,卷四,圖史門,各國地理,p 675</note><note type="price">一角八分五釐</note><identifier type="mh">book_1855</identifier></mods>