<mods xmlns="http://www.loc.gov/mods/v3" xmlns:xsi="http://www.w3.org/2001/XMLSchema-instance" xmlns:xlink="http://www.w3.org/1999/xlink" version="3.6" xsi:schemaLocation="http://www.loc.gov/mods/v3 http://cluster-schemas.uni-hd.de/modsCluster.xsd" ID="uuid-0903D32E-C33C-4AD1-A172-5EEC68385ED5"><name type="personal" xlink:href=""><namePart lang="chi" script="Hant">植田萬春</namePart><role><roleTerm type="text">author</roleTerm></role></name><titleInfo lang="chi" script="Hant"><title>日光山志</title></titleInfo><note type="citation">日本書目志,卷四,圖史門,名所記,p 732</note><note type="price">一圓</note><identifier type="mh">book_2629</identifier></mods>