<mods xmlns="http://www.loc.gov/mods/v3" xmlns:xsi="http://www.w3.org/2001/XMLSchema-instance" xmlns:xlink="http://www.w3.org/1999/xlink" version="3.6" xsi:schemaLocation="http://www.loc.gov/mods/v3 http://cluster-schemas.uni-hd.de/modsCluster.xsd" ID="uuid-042F7ADB-5E7E-49A4-8E46-EFE1A4497773"><name type="personal" xlink:href=""><namePart lang="chi" script="Hant">古志學人著</namePart><role><roleTerm type="text">author</roleTerm></role></name><titleInfo lang="chi" script="Hant"><title> 議院必攜 議事法</title></titleInfo><note type="citation">日本書目志,卷五,政治門,議院書,p 746</note><note type="price">八角</note><identifier type="mh">book_2757</identifier></mods>