<mods xmlns="http://www.loc.gov/mods/v3" xmlns:xsi="http://www.w3.org/2001/XMLSchema-instance" xmlns:xlink="http://www.w3.org/1999/xlink" version="3.6" xsi:schemaLocation="http://www.loc.gov/mods/v3 http://cluster-schemas.uni-hd.de/modsCluster.xsd" ID="uuid-0C8298D8-5F17-4C0C-876D-D104C7B1C5D9"><name type="personal" xlink:href=""><namePart lang="chi" script="Hant">山田美妙齋著</namePart><role><roleTerm type="text">author</roleTerm></role></name><titleInfo lang="chi" script="Hant"><title>盜賊秘事</title></titleInfo><note type="citation">日本書目志,卷十四,小說門,小說,p 1150</note><note type="price">一角</note><identifier type="mh">book_7684</identifier></mods>