<mods xmlns="http://www.loc.gov/mods/v3" xmlns:xsi="http://www.w3.org/2001/XMLSchema-instance" xmlns:xlink="http://www.w3.org/1999/xlink" version="3.6" xsi:schemaLocation="http://www.loc.gov/mods/v3 http://cluster-schemas.uni-hd.de/modsCluster.xsd" ID="uuid-02D23D8F-B3CB-4CF1-83F7-751EAE6068BF"><name type="personal" xlink:href=""><namePart lang="chi" script="Hant">曲亭馬琴著</namePart><role><roleTerm type="text">author</roleTerm></role></name><titleInfo lang="chi" script="Hant"><title>近世說美少年錄</title></titleInfo><note type="citation">日本書目志,卷十四,小說門,小說,p 1187</note><note type="price">二角</note><identifier type="mh">book_8248</identifier></mods>