<mods xmlns="http://www.loc.gov/mods/v3" xmlns:xsi="http://www.w3.org/2001/XMLSchema-instance" xmlns:xlink="http://www.w3.org/1999/xlink" version="3.6" xsi:schemaLocation="http://www.loc.gov/mods/v3 http://cluster-schemas.uni-hd.de/modsCluster.xsd" ID="uuid-03DAE36E-1B3A-446A-B00C-DC869BE6BC4B"><name type="personal" xlink:href=""><namePart lang="chi" script="Hant">大島成治講述</namePart><role><roleTerm type="text">author</roleTerm></role></name><titleInfo lang="chi" script="Hant"><title>法學入門</title></titleInfo><note type="citation">日本書目志,卷六,法律門,法理學,p 782</note><note type="price">五角</note><identifier type="mh">book_3178</identifier></mods>