<mods xmlns="http://www.loc.gov/mods/v3" xmlns:xsi="http://www.w3.org/2001/XMLSchema-instance" xmlns:xlink="http://www.w3.org/1999/xlink" version="3.6" xsi:schemaLocation="http://www.loc.gov/mods/v3 http://cluster-schemas.uni-hd.de/modsCluster.xsd" ID="uuid-0C94C918-C335-468C-8EE9-9F0A299D7A8D"><name type="personal" xlink:href=""><namePart lang="chi" script="Hant">野村文夫編</namePart><role><roleTerm type="text">author</roleTerm></role></name><titleInfo lang="chi" script="Hant"><title>遊毛百詩</title></titleInfo><note type="citation">日本書目志,卷十一,文學門,詩集,p 973</note><note type="price">二角</note><identifier type="mh">book_5242</identifier></mods>