<mods xmlns="http://www.loc.gov/mods/v3" xmlns:xsi="http://www.w3.org/2001/XMLSchema-instance" xmlns:xlink="http://www.w3.org/1999/xlink" version="3.6" xsi:schemaLocation="http://www.loc.gov/mods/v3 http://cluster-schemas.uni-hd.de/modsCluster.xsd" ID="uuid-04399B06-02C1-4AA6-A13A-FFD91E2B9CF9"><name type="personal" xlink:href=""><namePart lang="chi" script="Hant">大石真虎、歌川國直、歌川國芳、池田英泉共</namePart><role><roleTerm type="text">author</roleTerm></role></name><titleInfo lang="chi" script="Hant"><title>神事行燈</title></titleInfo><note type="citation">日本書目志,卷十三,美術門,繪畫書,p 1098</note><note type="price">七角五分</note><identifier type="mh">book_6983</identifier></mods>