<mods xmlns="http://www.loc.gov/mods/v3" xmlns:xsi="http://www.w3.org/2001/XMLSchema-instance" xmlns:xlink="http://www.w3.org/1999/xlink" version="3.6" xsi:schemaLocation="http://www.loc.gov/mods/v3 http://cluster-schemas.uni-hd.de/modsCluster.xsd" ID="uuid-0C1B4442-6566-4B96-B41B-CD7CF9474659"><name type="personal" xlink:href=""><namePart lang="chi" script="Hant">原亮策纂述</namePart><role><roleTerm type="text">author</roleTerm></role></name><titleInfo lang="chi" script="Hant"><title>小學讀本掛圖 小學校用 </title></titleInfo><note type="citation">日本書目志,卷十,教育門,小學讀本掛圖,p 938</note><note type="price">二圓八角</note><identifier type="mh">book_4813</identifier></mods>