<mods xmlns="http://www.loc.gov/mods/v3" xmlns:xsi="http://www.w3.org/2001/XMLSchema-instance" xmlns:xlink="http://www.w3.org/1999/xlink" version="3.6" xsi:schemaLocation="http://www.loc.gov/mods/v3 http://cluster-schemas.uni-hd.de/modsCluster.xsd" ID="uuid-07795EB5-17BA-4B94-B444-E52AA953B14D"><name type="personal" xlink:href=""><namePart lang="chi" script="Hant">菅沼貞風著</namePart><role><roleTerm type="text">author</roleTerm></role></name><titleInfo lang="chi" script="Hant"><title>大日本商業史</title></titleInfo><note type="citation">日本書目志,卷九,商業門,商業歷史,p 887</note><note type="price">一圓</note><identifier type="mh">book_4213</identifier></mods>