<mods xmlns="http://www.loc.gov/mods/v3" xmlns:xsi="http://www.w3.org/2001/XMLSchema-instance" xmlns:xlink="http://www.w3.org/1999/xlink" version="3.6" xsi:schemaLocation="http://www.loc.gov/mods/v3 http://cluster-schemas.uni-hd.de/modsCluster.xsd" ID="uuid-0C42CE3F-B0E7-4544-8140-5F43816C98A2"><titleInfo lang="chi" script="Hant"><title>教育說畧</title></titleInfo><note type="citation">增版東西學書錄,卷四,幼學第二十六,幼學,p 263</note><abstract type="summary"> 教育說畧　卷 澳門荷蘭蒙學書塾本   [荷蘭]澳門蒙學塾著，書分論五篇，章程若干，皆由淺及深，便於開蒙益智。 [顧補]  </abstract><identifier type="mh">book_818</identifier></mods>