<mods xmlns="http://www.loc.gov/mods/v3" xmlns:xsi="http://www.w3.org/2001/XMLSchema-instance" xmlns:xlink="http://www.w3.org/1999/xlink" version="3.6" xsi:schemaLocation="http://www.loc.gov/mods/v3 http://cluster-schemas.uni-hd.de/modsCluster.xsd" ID="uuid-0A5C679A-AF8B-43B5-844E-3764D0B229B6"><name type="personal" xlink:href=""><namePart lang="chi" script="Hant">工務局藏版</namePart><role><roleTerm type="text">author</roleTerm></role></name><titleInfo lang="chi" script="Hant"><title> 繭絲織物陶漆器共進會 漆器出品圖</title></titleInfo><note type="citation">日本書目志,卷八,工業門,匠學書,p 878</note><note type="price">三角三分</note><identifier type="mh">book_4141</identifier></mods>