<mods xmlns="http://www.loc.gov/mods/v3" xmlns:xsi="http://www.w3.org/2001/XMLSchema-instance" xmlns:xlink="http://www.w3.org/1999/xlink" version="3.6" xsi:schemaLocation="http://www.loc.gov/mods/v3 http://cluster-schemas.uni-hd.de/modsCluster.xsd" ID="uuid-0BE32424-2D2A-4AD8-9A94-6840AEEFC19D"><name type="personal" xlink:href=""><namePart lang="chi" script="Hant">清水市太郎著</namePart><role><roleTerm type="text">author</roleTerm></role></name><titleInfo lang="chi" script="Hant"><title>日本新富源</title></titleInfo><note type="citation">日本書目志,卷五,政治門,移住殖民書,p 771</note><note type="price">七角五分</note><identifier type="mh">book_3063</identifier></mods>