<mods xmlns="http://www.loc.gov/mods/v3" xmlns:xsi="http://www.w3.org/2001/XMLSchema-instance" xmlns:xlink="http://www.w3.org/1999/xlink" version="3.6" xsi:schemaLocation="http://www.loc.gov/mods/v3 http://cluster-schemas.uni-hd.de/modsCluster.xsd" ID="uuid-0CD9237E-3523-4708-88ED-E33D78796464"><name type="personal" xlink:href=""><namePart lang="chi" script="Hant">石井民司編</namePart><role><roleTerm type="text">author</roleTerm></role></name><titleInfo lang="chi" script="Hant"><title>動物會</title></titleInfo><note type="citation">日本書目志,卷十,教育門,少年教育書,p 956</note><note type="price">三分</note><identifier type="mh">book_5039</identifier></mods>