<mods xmlns="http://www.loc.gov/mods/v3" xmlns:xsi="http://www.w3.org/2001/XMLSchema-instance" xmlns:xlink="http://www.w3.org/1999/xlink" version="3.6" xsi:schemaLocation="http://www.loc.gov/mods/v3 http://cluster-schemas.uni-hd.de/modsCluster.xsd" ID="uuid-0258CDE3-2DCB-484C-B733-9084775B985C"><name type="personal" xlink:href=""><namePart lang="chi" script="Hant">福井月齋縮摹</namePart><role><roleTerm type="text">author</roleTerm></role></name><titleInfo lang="chi" script="Hant"><title>應舉巖上之龜丹頂之鶴</title></titleInfo><note type="citation">日本書目志,卷十三,美術門,繪畫書,p 1093</note><note type="price">四角</note><identifier type="mh">book_6912</identifier></mods>