<mods xmlns="http://www.loc.gov/mods/v3" xmlns:xsi="http://www.w3.org/2001/XMLSchema-instance" xmlns:xlink="http://www.w3.org/1999/xlink" version="3.6" xsi:schemaLocation="http://www.loc.gov/mods/v3 http://cluster-schemas.uni-hd.de/modsCluster.xsd" ID="uuid-04114B46-3656-40EC-822C-573277CE302C"><name type="personal" xlink:href=""><namePart lang="chi" script="Hant">可兒三隆譯</namePart><role><roleTerm type="text">author</roleTerm></role></name><titleInfo lang="chi" script="Hant"><title>銀行論</title></titleInfo><note type="citation">日本書目志,卷九,商業門,銀行書,p 892</note><note type="price">三角五分</note><identifier type="mh">book_4262</identifier></mods>