<mods xmlns="http://www.loc.gov/mods/v3" xmlns:xsi="http://www.w3.org/2001/XMLSchema-instance" xmlns:xlink="http://www.w3.org/1999/xlink" version="3.6" xsi:schemaLocation="http://www.loc.gov/mods/v3 http://cluster-schemas.uni-hd.de/modsCluster.xsd" ID="uuid-03DAB4BB-34DE-4F43-8727-6A96CDA05E20"><name type="personal" xlink:href=""><namePart lang="chi" script="Hant">普及舍譯</namePart><role><roleTerm type="text">author</roleTerm></role></name><titleInfo lang="chi" script="Hant"><title>七大家教育家列傳</title></titleInfo><note type="citation">日本書目志,卷四,圖史門,傳記,p 723</note><note type="price">一圓</note><identifier type="mh">book_2507</identifier></mods>