<mods xmlns="http://www.loc.gov/mods/v3" xmlns:xsi="http://www.w3.org/2001/XMLSchema-instance" xmlns:xlink="http://www.w3.org/1999/xlink" version="3.6" xsi:schemaLocation="http://www.loc.gov/mods/v3 http://cluster-schemas.uni-hd.de/modsCluster.xsd" ID="uuid-062CCF47-4B11-4ACA-9B09-2410F78CDECA"><name type="personal" xlink:href=""><namePart lang="chi" script="Hant">柳亭種彥著</namePart><role><roleTerm type="text">author</roleTerm></role></name><titleInfo lang="chi" script="Hant"><title>綟手摺昔木偶</title></titleInfo><note type="citation">日本書目志,卷十四,小說門,小說,p 1190</note><note type="price">六分</note><identifier type="mh">book_8295</identifier></mods>