<mods xmlns="http://www.loc.gov/mods/v3" xmlns:xsi="http://www.w3.org/2001/XMLSchema-instance" xmlns:xlink="http://www.w3.org/1999/xlink" version="3.6" xsi:schemaLocation="http://www.loc.gov/mods/v3 http://cluster-schemas.uni-hd.de/modsCluster.xsd" ID="uuid-0882E615-6FDE-435B-A465-8049E2373E5C"><name type="personal" xlink:href=""><namePart lang="chi" script="Hant">松山傳十郎編</namePart><role><roleTerm type="text">author</roleTerm></role></name><titleInfo lang="chi" script="Hant"><title>武童</title></titleInfo><note type="citation">日本書目志,卷十四,小說門,小說,p 1204</note><note type="price">六分</note><identifier type="mh">book_8496</identifier></mods>